Scan,Type,BCID,sigma,sigmaErr,Amp,AmpErr,Mean,MeanErr,Const,ConstErr,CapSigma,CapSigmaErr,peak,peakErr,area,areaErr,fitStatus,chi2,ndof
1,X,1,0.13341625863313647,0.0,0.012294244162161613,2.5117501068443014e-05,0.001398640366209207,0.0002358221806006393,4.2070766083616705e-05,2.0151585761440916e-06,0.13341625863313647,0.0,0.012294244162161613,2.5117501068443014e-05,0.0041115021882047464,8.399919445473346e-06,0,34.93940011402424,21
1,X,41,0.1370326740511567,0.0,0.014661398641371077,2.4867391954233336e-05,0.0007394358145610915,0.00019158945468558618,4.434813325370046e-05,2.1135151020046376e-06,0.1370326740511567,0.0,0.014661398641371077,2.4867391954233336e-05,0.005036043457553414,8.541699848754803e-06,0,63.85984612415983,21
1,X,81,0.13587463290663018,0.0,0.015203554757355657,2.797820822675729e-05,0.0011528333911555823,0.00020026486743300384,4.509183984555076e-05,2.13269995983978e-06,0.13587463290663018,0.0,0.015203554757355657,2.797820822675729e-05,0.005178136093905308,9.529019507209533e-06,0,76.04825304732042,21
1,X,121,0.13616202431112698,0.0,0.015494573608750874,2.9166587450975023e-05,0.0008800570008955733,0.00021801183888053857,3.827307011760983e-05,1.8145793413471021e-06,0.13616202431112698,0.0,0.015494573608750874,2.9166587450975023e-05,0.005288415422607852,9.954777381770863e-06,0,40.34822712698323,21
1,X,161,0.13200514448676237,0.0,0.016392232558946854,2.7488323832377118e-05,0.0010317974336082954,0.0001765929959068295,3.864152184959113e-05,1.793731537992337e-06,0.13200514448676237,0.0,0.016392232558946854,2.7488323832377118e-05,0.00542399022040738,9.095551756360851e-06,0,44.693347041036446,21
1,X,201,0.13118002184971372,0.0,0.016351829731491484,2.6738945204697372e-05,0.000959734111628938,0.00017646406228791065,4.4703365002859984e-05,1.7472194136375363e-06,0.13118002184971372,0.0,0.016351829731491484,2.6738945204697372e-05,0.005376801323994607,8.79228797875469e-06,0,76.15562107192383,21
1,X,241,0.13216248704133007,0.0,0.016208790300306027,2.7887523313193553e-05,0.0008871673602959535,0.00019004314857276318,4.1704783429802327e-05,1.4460553438319641e-06,0.13216248704133007,0.0,0.016208790300306027,2.7887523313193553e-05,0.005369684145446467,9.23864082489838e-06,0,76.81264603467062,21
1,X,281,0.13128918186637153,0.0,0.016575118869474128,3.019803222042053e-05,0.00095768425788843,0.00017844402809345203,3.835067503936862e-05,1.879711730216616e-06,0.13128918186637153,0.0,0.016575118869474128,3.019803222042053e-05,0.0054547585017095624,9.937966314836104e-06,0,65.27416558306601,21
1,X,872,0.13250705253785172,0.0,0.016112758360689598,2.838312227434847e-05,0.0010037091212897421,0.00018604842379322154,3.869604512885705e-05,1.8495927703723911e-06,0.13250705253785172,0.0,0.016112758360689598,2.838312227434847e-05,0.00535178702162434,9.427338387425168e-06,0,100.6596291743652,21
1,X,912,0.13151704916061838,0.0,0.0161537525426337,2.7778771469592267e-05,0.0013407663487136835,0.00019421730908030836,4.153897650611027e-05,1.8323097927308583e-06,0.13151704916061838,0.0,0.0161537525426337,2.7778771469592267e-05,0.005325316396999245,9.157670752049046e-06,0,60.23765447991491,21
1,X,952,0.13062820435542877,0.0,0.01637502004594303,2.6000845195109574e-05,0.0011207122301160023,0.00016692213765333178,4.3608138345461734e-05,1.6881255802347908e-06,0.13062820435542877,0.0,0.01637502004594303,2.6000845195109574e-05,0.005361776803234032,8.513621860643588e-06,0,84.99724218318975,21
1,X,992,0.13494653774664878,0.0,0.015660660515373844,3.065312608736396e-05,0.0011763355538364246,0.00020811800058383826,3.279689439769085e-05,1.5995143434907613e-06,0.13494653774664878,0.0,0.015660660515373844,3.065312608736396e-05,0.00529738766532543,1.0368751169815566e-05,0,65.21910831676227,21
1,X,1032,0.13377955449324408,0.0,0.015939853409950435,2.5826013385110304e-05,0.0005282480953229117,0.00021344545248111287,3.4035540933802236e-05,5.183323223967307e-07,0.13377955449324408,0.0,0.015939853409950435,2.5826013385110304e-05,0.0053452005280689935,8.6603820520604e-06,0,46.5348926519573,21
1,X,1072,0.1297741214973139,0.0,0.016646796486199572,2.9815690895835783e-05,0.0009916582481057203,0.0001913211900580438,4.448209012070714e-05,1.662791957212363e-06,0.1297741214973139,0.0,0.016646796486199572,2.9815690895835783e-05,0.005415127691071781,9.698909548892862e-06,0,74.43821148587196,21
1,X,1112,0.13313182291726647,0.0,0.016069180382986763,2.924957805444678e-05,0.0011609183171699987,0.00018518579162020066,4.041957138611552e-05,1.899943925793289e-06,0.13313182291726647,0.0,0.016069180382986763,2.924957805444678e-05,0.005362478188626013,9.760934945353533e-06,0,61.03377446408486,21
1,X,1152,0.13374752986045496,0.0,0.016070098269993283,3.204979339249377e-05,0.0009791437308943485,0.00019846253584074387,4.0809231526593994e-05,1.9791459733939347e-06,0.13374752986045496,0.0,0.016070098269993283,3.204979339249377e-05,0.005387586259505056,1.0744864381059417e-05,0,61.065425746084834,21
1,X,1783,0.13053152642827356,0.0,0.01651281922500766,2.8581444452047207e-05,0.0016052928938778573,0.0001820483983299407,3.564223170710257e-05,1.8929001193940273e-06,0.13053152642827356,0.0,0.01651281922500766,2.8581444452047207e-05,0.005402895619149447,9.351677561216534e-06,0,40.249468747367835,21
1,X,1823,0.13207833270183617,0.0,0.015906889927452178,3.2344563521592414e-05,0.000905836121811637,0.00019128839272413638,3.7009579566240625e-05,1.6468499407126803e-06,0.13207833270183617,0.0,0.015906889927452178,3.2344563521592414e-05,0.005266314460265892,1.070835615017258e-05,0,50.53272306202975,21
1,X,1863,0.13178607274738252,0.0,0.016107506447466613,2.4913806557142093e-05,0.0010533319508898907,0.00018889445858977244,3.3580040920465625e-05,1.6245843053094862e-06,0.13178607274738252,0.0,0.016107506447466613,2.4913806557142093e-05,0.005320932678102636,8.229994374248712e-06,0,47.29924859116081,21
1,X,1903,0.13122546380016628,0.0,0.016340325992135724,2.696550313848081e-05,0.0010482344163410822,0.00019935947969154465,3.615782384153776e-05,1.813664028857407e-06,0.13122546380016628,0.0,0.016340325992135724,2.696550313848081e-05,0.005374879932019915,8.869856191706063e-06,0,43.31332710429184,21
1,X,1943,0.12804013548176382,0.0,0.017204620133143216,3.104042680788072e-05,0.0010530853703468893,0.00019909642236065877,4.144584049242839e-05,1.8418119385937868e-06,0.12804013548176382,0.0,0.017204620133143216,3.104042680788072e-05,0.005521806038064718,9.96239468499952e-06,0,55.88976339966319,21
1,X,1983,0.13193235487977387,0.0,0.015897444970537897,2.7773758105156562e-05,0.001291746356962826,0.00019099220447567846,3.7818269904135726e-05,1.919519804315371e-06,0.13193235487977387,0.0,0.015897444970537897,2.7773758105156562e-05,0.005257370438210263,9.18493098046008e-06,0,51.69139542007074,21
1,X,2023,0.1296541947064594,0.0,0.016593267068774665,3.14641683043292e-05,0.0014677224748356119,0.00019466701043066752,3.4782389242549725e-05,1.5864166581908135e-06,0.1296541947064594,0.0,0.016593267068774665,3.14641683043292e-05,0.005392726680126193,1.0225693299545435e-05,0,43.0672717720525,21
1,X,2063,0.1308780862178767,0.0,0.016340254843319316,2.9659962180002097e-05,0.0013634987267742355,0.00017990420321450844,3.1899702606179584e-05,1.6839746853328228e-06,0.1308780862178767,0.0,0.016340254843319316,2.9659962180002097e-05,0.005360628309574234,9.730327614077917e-06,0,54.179404289398086,21
1,X,2654,0.12693690989009893,0.0,0.017749938781125612,3.396348489875262e-05,0.001100350599630951,0.00018665567384162397,3.773721428541488e-05,1.323170431798971e-06,0.12693690989009893,0.0,0.017749938781125612,3.396348489875262e-05,0.005647740262945624,1.0806625504342544e-05,0,72.39715924775004,21
1,X,2694,0.13026707322151576,0.0,0.016473566305659524,2.9650736759307174e-05,0.001137592078671218,0.00018920979771232404,4.0204478920931596e-05,1.574310624521126e-06,0.13026707322151576,0.0,0.016473566305659524,2.9650736759307174e-05,0.005379132204286506,9.681888549416044e-06,0,50.282492236172224,21
1,X,2734,0.12912219421634338,0.0,0.016893524272241268,2.77653237369747e-05,0.0014830738392387882,0.00017976058564482243,4.1072517409333486e-05,1.4316557663987535e-06,0.12912219421634338,0.0,0.016893524272241268,2.77653237369747e-05,0.0054677807523532025,8.986561966903574e-06,0,48.106630727694046,21
1,X,2774,0.12710083094626443,0.0,0.0174712866957434,2.929897685787187e-05,0.00115604460814563,0.0001905499178449044,3.8642773599601445e-05,1.5106473551362837e-06,0.12710083094626443,0.0,0.0174712866957434,2.929897685787187e-05,0.005566256488269239,9.33449395427257e-06,0,37.479592248884444,21
1,X,2814,0.1294785726542742,0.0,0.016963701210331927,2.8586332942306067e-05,0.0010383372839863484,0.0001811657620117155,3.9815322130782875e-05,1.3721991061987894e-06,0.1294785726542742,0.0,0.016963701210331927,2.8586332942306067e-05,0.005505648128940393,9.277827316435914e-06,0,50.86398365533829,21
1,X,2854,0.13108355168223143,0.0,0.01617785609643486,2.9125562792406865e-05,0.0009419221800667618,0.00018890286999721963,4.2523623348407755e-05,1.7804703495946638e-06,0.13108355168223143,0.0,0.01617785609643486,2.9125562792406865e-05,0.005315683345447448,9.570011510764982e-06,0,70.38335970665415,21
1,X,2894,0.12842246718545625,0.0,0.017045590703347328,2.915262876480856e-05,0.001085445572203206,0.00015608537414203678,3.8835656643763096e-05,1.4480850885162368e-06,0.12842246718545625,0.0,0.017045590703347328,2.915262876480856e-05,0.005487101569065676,9.384446559916366e-06,0,90.86523992528781,21
1,X,2934,0.1256288854122399,0.0,0.01778865750044538,2.980415353534499e-05,0.0016221153914976717,0.00016187348135887012,3.743538428525872e-05,1.197070800775523e-06,0.1256288854122399,0.0,0.01778865750044538,2.980415353534499e-05,0.005601735700994927,9.385474473984115e-06,0,69.41649261589318,21
10,Y,1,0.16198715754776155,0.0,0.012982573257302165,2.4840526322681038e-05,-0.0020850223020172287,0.00024084076543279072,1.467714838554457e-15,4.853101766152945e-07,0.16198715754776155,0.0,0.012982573257302165,2.4840526322681038e-05,0.005271464677771991,1.0086286785528186e-05,0,82.98457692958115,21
10,Y,41,0.13247238457546492,0.0,0.015474005962108383,2.8057789528023474e-05,-0.00236787286917334,0.00019276098809136978,3.114580887672858e-05,1.7535260500370353e-06,0.13247238457546492,0.0,0.015474005962108383,2.8057789528023474e-05,0.0051382833292896,9.316842228288497e-06,0,30.29331087106783,21
10,Y,81,0.12885797090142004,0.0,0.01580728304589127,2.7283677056244812e-05,-0.0022301714218614923,0.0001925260573017278,3.348082644206552e-05,1.4523090055887379e-06,0.12885797090142004,0.0,0.01580728304589127,2.7283677056244812e-05,0.005105737142496798,8.812601313301938e-06,0,29.219197922526877,21
10,Y,121,0.12634200554264308,0.0,0.016285653872975012,3.376809308566297e-05,-0.00178266029392996,0.0002039188335309761,2.8110901566883452e-05,1.137311617727676e-06,0.12634200554264308,0.0,0.016285653872975012,3.376809308566297e-05,0.00515754351685805,1.0694099907135331e-05,0,46.61198783351345,21
10,Y,161,0.12331310372460672,0.0,0.017125370174666605,3.164473872897491e-05,-0.0025180367752119376,0.0001962724957148686,2.8371010727993306e-05,1.0679645163377817e-06,0.12331310372460672,0.0,0.017125370174666605,3.164473872897491e-05,0.005293453846370918,9.781392298899959e-06,0,50.60788373317049,21
10,Y,201,0.1246724337830437,0.0,0.016896576125869818,3.000216419981819e-05,-0.002276090278808797,0.0001797897772325041,3.215718659985989e-05,1.4248733951813276e-06,0.1246724337830437,0.0,0.016896576125869818,3.000216419981819e-05,0.005280305878065805,9.375899756190405e-06,0,65.75256211538243,21
10,Y,241,0.12499848338557211,0.0,0.01681793548679549,3.069624562894222e-05,-0.0020186981124422506,0.0001756023624036745,2.9214442707383158e-05,1.191676096151118e-06,0.12499848338557211,0.0,0.01681793548679549,3.069624562894222e-05,0.005269475141643272,9.617892957817951e-06,0,112.35103931131412,21
10,Y,281,0.12250102758265702,0.0,0.0172068581834719,3.098346154015394e-05,-0.0019962146416294983,0.00016879353663903064,3.0550799074074986e-05,1.1500656549906511e-06,0.12250102758265702,0.0,0.0172068581834719,3.098346154015394e-05,0.005283615982801679,9.513922347156063e-06,0,47.94489884738084,21
10,Y,872,0.12347444878546988,0.0,0.01699990152223914,3.476084710089641e-05,-0.0019371510329792704,0.0001867309895282086,2.8625824772414154e-05,1.253228465132595e-06,0.12347444878546988,0.0,0.01699990152223914,3.476084710089641e-05,0.0052615467775277945,1.0758640149097042e-05,0,42.79210782932115,21
10,Y,912,0.12457995127204755,0.0,0.016798325530572686,3.043373100347631e-05,-0.001876010485715995,0.00018175848350101092,3.125789991327233e-05,1.0710922691381515e-06,0.12457995127204755,0.0,0.016798325530572686,3.043373100347631e-05,0.005245707659626698,9.503712470948379e-06,0,61.11961171617728,21
10,Y,952,0.12364971520287193,0.0,0.016949095596300704,2.9017998889453584e-05,-0.0016254837256608945,0.00016498939357934635,3.331900170033875e-05,1.259843388652647e-06,0.12364971520287193,0.0,0.016949095596300704,2.9017998889453584e-05,0.005253268320720479,8.993950941544034e-06,0,111.0893945521626,21
10,Y,992,0.12543792811952245,0.0,0.01643070389140496,3.1841330207656556e-05,-0.002048379618058018,0.00018155207289662222,2.5491579642354934e-05,1.1013152673089446e-06,0.12543792811952245,0.0,0.01643070389140496,3.1841330207656556e-05,0.005166244729962725,1.0011750285778077e-05,0,50.286277117466966,21
10,Y,1032,0.1238196156406763,0.0,0.01689889066572175,3.188760066337881e-05,-0.0025313040886406446,0.00018931552869982788,2.7696552675487986e-05,8.951742647331224e-07,0.1238196156406763,0.0,0.01689889066572175,3.188760066337881e-05,0.005244904463066695,9.89694663065038e-06,0,57.79508882844272,21
10,Y,1072,0.12201923654201377,0.0,0.017362606637774808,2.9329889766900017e-05,-0.0023267575969075117,0.0001728820415787525,3.0257044900744434e-05,9.936883614422579e-07,0.12201923654201377,0.0,0.017362606637774808,2.9329889766900017e-05,0.005310472492884899,8.97074823359763e-06,0,58.559594341135316,21
10,Y,1112,0.12370932411863021,0.0,0.01683704035720831,2.8022063833067257e-05,-0.0019025046262824772,0.00016676947828719247,2.7471614577651572e-05,1.1575647515527088e-06,0.12370932411863021,0.0,0.01683704035720831,2.8022063833067257e-05,0.00522105323269431,8.689453957373561e-06,0,87.5408176017916,21
10,Y,1152,0.1238003875875288,0.0,0.016842958361438315,2.8079244249838738e-05,-0.002209310593329887,0.00016339896884907826,2.9071362073509467e-05,1.1327744173977864e-06,0.1238003875875288,0.0,0.016842958361438315,2.8079244249838738e-05,0.00522673297793478,8.713594652832995e-06,0,75.91167553537309,21
10,Y,1783,0.12156036049270733,0.0,0.017209584254160304,3.3458484022565637e-05,-0.001907930488731133,0.00017790584443548132,3.00186669008512e-05,1.2528477488721332e-06,0.12156036049270733,0.0,0.017209584254160304,3.3458484022565637e-05,0.00524387453683847,1.019502213510674e-05,0,69.53718465942192,21
10,Y,1823,0.12459582782141686,0.0,0.01664829849834062,3.135056290351688e-05,-0.0020445022150666265,0.00017788508269755952,2.6964324371145376e-05,1.135244764974009e-06,0.12459582782141686,0.0,0.01664829849834062,3.135056290351688e-05,0.005199520419674603,9.791264374637238e-06,0,30.17964941612233,21
10,Y,1863,0.12295616769347245,0.0,0.01688180192754603,2.9899974075178e-05,-0.0022001005774692334,0.00016294589200536514,2.503025309296303e-05,1.0528635135226284e-06,0.12295616769347245,0.0,0.01688180192754603,2.9899974075178e-05,0.005203062625206475,9.215333663603488e-06,0,61.30757547065819,21
10,Y,1903,0.12169571011453825,0.0,0.017079112977041268,3.399696710574939e-05,-0.0021717462313045107,0.00019403305982689588,3.0406476133966743e-05,1.2970210756674255e-06,0.12169571011453825,0.0,0.017079112977041268,3.399696710574939e-05,0.005209913523770989,1.0370635695749415e-05,0,72.34898808520956,21
10,Y,1943,0.11921322156254775,0.0,0.017905897058583243,3.6470376338002375e-05,-0.0022165961889208923,0.0001819821387634233,2.9137857253790366e-05,1.0179130545223688e-06,0.11921322156254775,0.0,0.017905897058583243,3.6470376338002375e-05,0.0053506980287301486,1.0898195725148218e-05,0,35.01614185382465,21
10,Y,1983,0.12510812463304805,0.0,0.016694116361500696,3.171568292997549e-05,-0.0021348767321984247,0.00017926135807566927,2.7679578159708897e-05,1.2790445628380057e-06,0.12510812463304805,0.0,0.016694116361500696,3.171568292997549e-05,0.005235267588814171,9.94602429412332e-06,0,40.90503393218286,21
10,Y,2023,0.12235097671892287,0.0,0.017193175452944465,3.479274349973842e-05,-0.002148281840415098,0.00019779340661342827,2.770260972387195e-05,9.847581086877556e-07,0.12235097671892287,0.0,0.017193175452944465,3.479274349973842e-05,0.005272947774426993,1.0670531450415459e-05,0,50.232767653274976,21
10,Y,2063,0.1229267347867794,0.0,0.01699645887175672,2.6657503362096832e-05,-0.0023374451465125994,0.0001564764678599911,2.3679378156470366e-05,8.864474476930072e-07,0.1229267347867794,0.0,0.01699645887175672,2.6657503362096832e-05,0.005237146561503785,8.214019939357595e-06,0,85.86747514962742,21
10,Y,2654,0.11876921118577193,0.0,0.01827176644787939,3.1555876955361e-05,-0.001992690850808174,0.00016312839927656506,2.729272996808252e-05,8.86034288908599e-07,0.11876921118577193,0.0,0.01827176644787939,3.1555876955361e-05,0.005439692393099119,9.394508424858457e-06,0,123.67724418957418,21
10,Y,2694,0.12401453089596252,0.0,0.01712996093288864,3.337626350803308e-05,-0.002158045328542882,0.0001866507732818208,2.897227423197979e-05,1.2826673879756659e-06,0.12401453089596252,0.0,0.01712996093288864,3.337626350803308e-05,0.00532499104186381,1.0375289522694296e-05,0,48.97125480881398,21
10,Y,2734,0.1217173787265423,0.0,0.017606579981843378,3.0741559239371936e-05,-0.001812384740384691,0.00018898605701200656,2.8414644417395496e-05,1.0313247522666949e-06,0.1217173787265423,0.0,0.017606579981843378,3.0741559239371936e-05,0.005371771479254553,9.379256580219898e-06,0,51.17442172351935,21
10,Y,2774,0.12006932289402518,0.0,0.018117426941236314,3.0204532787701406e-05,-0.0019927213326713642,0.00016023278080533793,3.1014000986401836e-05,1.1058327557117448e-06,0.12006932289402518,0.0,0.018117426941236314,3.0204532787701406e-05,0.005452786762103247,9.090632851700785e-06,0,92.88339591220881,21
10,Y,2814,0.12104933595476797,0.0,0.017715823337998798,3.572382129589775e-05,-0.002036325311440221,0.00016880226709180908,2.9351083860060247e-05,1.1562302321455046e-06,0.12104933595476797,0.0,0.017715823337998798,3.572382129589775e-05,0.005375435887113443,1.0839525059324074e-05,0,48.08218429119419,21
10,Y,2854,0.12547948709226475,0.0,0.01689341291011516,2.895397754126379e-05,-0.0022549354642386167,0.00018101512733846898,2.78862961606241e-05,1.2032779722989655e-06,0.12547948709226475,0.0,0.01689341291011516,2.895397754126379e-05,0.00531349243069971,9.106907012971706e-06,0,53.32680998867865,21
10,Y,2894,0.12228010593790994,0.0,0.0175593382095783,2.9776314736984136e-05,-0.0023939511642473445,0.0001642256576701167,2.574067860403151e-05,9.287508762248487e-07,0.12228010593790994,0.0,0.0175593382095783,2.9776314736984136e-05,0.00538212629232044,9.126761186643814e-06,0,74.12053024836605,21
10,Y,2934,0.11948171104657226,0.0,0.01826948152312902,3.0033226490610076e-05,-0.0019765564209677203,0.00015840902526948272,3.251914130077527e-05,1.128293518103672e-06,0.11948171104657226,0.0,0.01826948152312902,3.0033226490610076e-05,0.005471640935427293,8.994838265165854e-06,0,99.12993128455328,21
2,Y,1,0.17077736720002998,0.0,0.012385572645724513,2.295802124346411e-05,0.0006029452922307613,0.0002547532219978959,1.2138360168119644e-05,2.944478718166777e-06,0.17077736720002998,0.0,0.012385572645724513,2.295802124346411e-05,0.005301958683279101,9.827763605642333e-06,0,94.40426224726215,21
2,Y,41,0.13825585156708953,0.0,0.014748161842106639,2.847985485602754e-05,0.0004990068733509393,0.000200857774441585,3.866732950804031e-05,1.4150095179257804e-06,0.13825585156708953,0.0,0.014748161842106639,2.847985485602754e-05,0.0051110643687050684,9.869865339078903e-06,0,35.882588534150074,21
2,Y,81,0.13462656014560526,0.0,0.015153807044072178,2.719160981319203e-05,0.00013159060674546453,0.00019221847980560656,3.471938632893523e-05,1.062285416398023e-06,0.13462656014560526,0.0,0.015153807044072178,2.719160981319203e-05,0.00511378466428988,9.176046445335304e-06,0,90.23444055071732,21
2,Y,121,0.13237434307421006,0.0,0.015517076839457277,2.9406318960508107e-05,8.988511649034482e-05,0.00021545853677381024,3.961023038324463e-05,1.1039767905798845e-06,0.13237434307421006,0.0,0.015517076839457277,2.9406318960508107e-05,0.005148772025337377,9.757406887810952e-06,0,36.56918358076063,21
2,Y,161,0.12873208793189117,0.0,0.01650506524406564,2.9814049641110425e-05,-5.421735672073671e-05,0.00018447055422159313,3.704520148986035e-05,8.996341580158635e-07,0.12873208793189117,0.0,0.01650506524406564,2.9814049641110425e-05,0.005325912079769192,9.62050163282571e-06,0,35.56596417378329,21
2,Y,201,0.12995487884455575,0.0,0.016336315418997677,2.987668998275706e-05,-3.770120704541119e-05,0.00016990153045004722,3.7604493330339885e-05,9.493501815668872e-07,0.12995487884455575,0.0,0.016336315418997677,2.987668998275706e-05,0.005321531447872746,9.732289149895787e-06,0,89.1548388134017,21
2,Y,241,0.13018143135776203,0.0,0.01624850056131046,2.614227046609991e-05,0.0002655055974514887,0.00016089568187998418,3.771959348261078e-05,1.0638129871273799e-06,0.13018143135776203,0.0,0.01624850056131046,2.614227046609991e-05,0.005302153129420972,8.530653067892807e-06,0,110.50000981739997,21
2,Y,281,0.12782788272949297,0.0,0.01666532522351345,3.089062679953459e-05,0.0002756671393538408,0.00020634269385608753,3.913451132282697e-05,1.0123131120942626e-06,0.12782788272949297,0.0,0.01666532522351345,3.089062679953459e-05,0.005339853264428495,9.897881508067049e-06,0,37.27345968060996,21
2,Y,872,0.12942790550279562,0.0,0.016172259941984925,3.167077454097812e-05,5.758534055024747e-05,0.0002055087816025309,3.4842500838050404e-05,1.0745245667667673e-06,0.12942790550279562,0.0,0.016172259941984925,3.167077454097812e-05,0.00524672824708292,1.0274874877552189e-05,0,97.92508653386024,21
2,Y,912,0.1300334205964262,0.0,0.016186627954416694,2.82888952700368e-05,4.6898173012870724e-05,0.00018336730983339048,3.9801555053621264e-05,1.1711710278430883e-06,0.1300334205964262,0.0,0.016186627954416694,2.82888952700368e-05,0.005275957711768714,9.220636662415128e-06,0,49.627205923902764,21
2,Y,952,0.1287796125130828,0.0,0.016453882241355515,2.4040442414472946e-05,-0.00029142067774166615,0.00016675242825454093,3.533542338456819e-05,9.512683972795481e-07,0.1287796125130828,0.0,0.016453882241355515,2.4040442414472946e-05,0.005311356262478635,7.760317747378546e-06,0,75.54086569019935,21
2,Y,992,0.1313562757212288,0.0,0.0156497001757817,2.7360298209289215e-05,-8.60659218770558e-05,0.00020391351876943817,3.55742216278665e-05,1.0350299349126685e-06,0.1313562757212288,0.0,0.0156497001757817,2.7360298209289215e-05,0.0051528414816700415,9.00868885538543e-06,0,57.81683248762968,21
2,Y,1032,0.12963899532177756,0.0,0.01617037334109269,3.173345789266572e-05,-0.00015344961725021307,0.00020072611650789115,3.650528880883852e-05,1.0583865375318737e-06,0.12963899532177756,0.0,0.01617037334109269,3.173345789266572e-05,0.005254672309507817,1.0312002014806608e-05,0,83.54198264127595,21
2,Y,1072,0.12747422476374604,0.0,0.016760049038082172,2.8716537322544207e-05,-8.395973264333233e-05,0.00020711231057819456,3.689043654678148e-05,8.870802858215736e-07,0.12747422476374604,0.0,0.016760049038082172,2.8716537322544207e-05,0.005355346783454691,9.175809416357252e-06,0,52.449163613602366,21
2,Y,1112,0.1290903461874633,0.0,0.016208291541740683,3.062707379276044e-05,-0.0001240459658946542,0.00018404854125398862,3.288784104689746e-05,7.867072773448649e-07,0.1290903461874633,0.0,0.016208291541740683,3.062707379276044e-05,0.005244703479724541,9.910354837893062e-06,0,50.57550270626891,21
2,Y,1152,0.1294565631473373,0.0,0.016087608686010002,3.3830842520778614e-05,-0.000268261404947224,0.00022208786507224484,3.730721788138547e-05,9.996449674942699e-07,0.1294565631473373,0.0,0.016087608686010002,3.3830842520778614e-05,0.005220420677533748,1.0978090857433902e-05,0,67.23052565965814,21
2,Y,1783,0.12676876123402706,0.0,0.016557433831131462,3.174866207874491e-05,-0.00020185286921369218,0.00018454615774681827,3.562345904350617e-05,8.901899309915478e-07,0.12676876123402706,0.0,0.016557433831131462,3.174866207874491e-05,0.005261325958920268,1.0088523478911183e-05,0,90.8672126415784,21
2,Y,1823,0.1303429775012105,0.0,0.015988295641451156,2.501390943898469e-05,-0.0001249748389787624,0.00018077157033209308,3.351249006215862e-05,1.0755284371172241e-06,0.1303429775012105,0.0,0.015988295641451156,2.501390943898469e-05,0.0052237182205390675,8.172579331381366e-06,0,93.91549180975086,21
2,Y,1863,0.12866379391296642,0.0,0.016177161788685765,2.4755395441902394e-05,-5.787112932467501e-06,0.0001688288249684705,3.0088657985202772e-05,9.437858593894215e-07,0.12866379391296642,0.0,0.016177161788685765,2.4755395441902394e-05,0.005217333716500973,7.983919614050211e-06,0,90.81649856706944,21
2,Y,1903,0.12742274251130295,0.0,0.016438020921861318,2.7659840419520276e-05,-0.0001477116415705559,0.00019417853022906704,3.3909784318384426e-05,8.576673262231116e-07,0.12742274251130295,0.0,0.016438020921861318,2.7659840419520276e-05,0.005250327704584463,8.83459311490817e-06,0,77.77133789100317,21
2,Y,1943,0.12464636065208941,0.0,0.017226233368915597,3.219102922625837e-05,-6.654932722504951e-05,0.00017646836725887296,3.4792621538317634e-05,8.934307896715772e-07,0.12464636065208941,0.0,0.017226233368915597,3.219102922625837e-05,0.005382200390037173,1.0057832513166085e-05,0,82.3686972216234,21
2,Y,1983,0.13112720201515216,0.0,0.015953186851151303,2.7553919329648177e-05,-0.00017300879357215338,0.00019937468296100857,3.435653366949121e-05,1.0455850080268175e-06,0.13112720201515216,0.0,0.015953186851151303,2.7553919329648177e-05,0.005243607553732912,9.05661927487946e-06,0,68.61843094664347,21
2,Y,2023,0.12755301564744503,0.0,0.016604837438734282,2.7180038797199778e-05,0.00018350014883552202,0.0001800775231409861,3.333535761054718e-05,7.825278568665545e-07,0.12755301564744503,0.0,0.016604837438734282,2.7180038797199778e-05,0.005309031390493222,8.690219323228534e-06,0,75.98726064833448,21
2,Y,2063,0.12877952677772794,0.0,0.016356470727154845,2.5100483283631434e-05,9.39245401809503e-05,0.00016055238032892152,2.9773799708687764e-05,7.803984024457055e-07,0.12877952677772794,0.0,0.016356470727154845,2.5100483283631434e-05,0.0052799080555644105,8.102496320785353e-06,0,80.01678256767485,21
2,Y,2654,0.12353344822665278,0.0,0.01774859859310351,2.8017807493280713e-05,5.5928621532515664e-05,0.00016916397366879723,3.4111096774621654e-05,8.458522861359866e-07,0.12353344822665278,0.0,0.01774859859310351,2.8017807493280713e-05,0.005495896757772985,8.675782290893747e-06,0,116.0297044100761,21
2,Y,2694,0.12965205491914739,0.0,0.016583104628684706,2.8679972022163962e-05,-0.00010799027217145421,0.00017400987578998804,3.2886747788734014e-05,8.824580974878261e-07,0.12965205491914739,0.0,0.016583104628684706,2.8679972022163962e-05,0.005389334993234463,9.320689960351114e-06,0,66.26678913952964,21
2,Y,2734,0.12740610918684064,0.0,0.01694319577998718,3.170546835444062e-05,0.0003336101606821559,0.0001882220666174899,3.216528475648128e-05,9.459894689017871e-07,0.12740610918684064,0.0,0.01694319577998718,3.170546835444062e-05,0.005410974864200711,1.0125450626394112e-05,0,54.02933216696688,21
2,Y,2774,0.1256681399512402,0.0,0.017474594478067366,2.9596046038535647e-05,-3.4596792216055904e-05,0.00018165317864617472,3.48218229048175e-05,7.991896022338532e-07,0.1256681399512402,0.0,0.017474594478067366,2.9596046038535647e-05,0.005504555150813373,9.322852548573062e-06,0,36.26056165848462,21
2,Y,2814,0.1261813037936452,0.0,0.017059668824189113,3.3082311605195436e-05,-1.9535263268289732e-05,0.0001985967086394292,3.6494051246749316e-05,8.699503660050677e-07,0.1261813037936452,0.0,0.017059668824189113,3.3082311605195436e-05,0.005395796234878728,1.0463591892668714e-05,0,65.88115039995573,21
2,Y,2854,0.13164695552520353,0.0,0.016199902712725235,2.9447469910973365e-05,-0.00048782237264703666,0.00017468848856390823,3.59302883680146e-05,9.471072255723402e-07,0.13164695552520353,0.0,0.016199902712725235,2.9447469910973365e-05,0.005345805588188803,9.71737003608344e-06,0,100.651257143056,21
2,Y,2894,0.1273433734885273,0.0,0.01708540991220268,3.04997683150034e-05,9.39617934637982e-06,0.00016897684128118685,3.2060351564699995e-05,9.468033611784171e-07,0.1273433734885273,0.0,0.01708540991220268,3.04997683150034e-05,0.005453705567293887,9.735602313053507e-06,0,106.77380980220651,21
2,Y,2934,0.1251287451378179,0.0,0.017773813919705075,3.031097219627979e-05,8.01882573276063e-05,0.00018389404264762104,3.347838517394175e-05,7.94915177180779e-07,0.1251287451378179,0.0,0.017773813919705075,3.031097219627979e-05,0.005574778962630579,9.507074334190218e-06,0,58.33819218771522,21
3,Y,1,0.16935442986472565,0.0,0.012469191255591264,2.1786495672830503e-05,-7.708098054656688e-05,0.0002481552035867829,2.4760667001289538e-05,2.694201600318692e-06,0.16935442986472565,0.0,0.012469191255591264,2.1786495672830503e-05,0.00529327895213309,9.248554827805791e-06,0,224.47639502691263,21
3,Y,41,0.13756752057414703,0.0,0.014819953399180439,2.9356532060461093e-05,0.0002036855436019751,0.00020948515397615388,3.8455838848839854e-05,1.1119188916677833e-06,0.13756752057414703,0.0,0.014819953399180439,2.9356532060461093e-05,0.005110373967126733,1.0123031642946875e-05,0,48.42940764642012,21
3,Y,81,0.13401294274669792,0.0,0.015261872303957506,2.7916424994824206e-05,0.00019831951973530926,0.00019386962269938893,3.711227514068438e-05,1.0062391408680037e-06,0.13401294274669792,0.0,0.015261872303957506,2.7916424994824206e-05,0.005126777781536757,9.377703112238057e-06,0,49.37799825625275,21
3,Y,121,0.13204463899807428,0.0,0.015535865654617892,2.6929399865771333e-05,-0.00010520947672358875,0.00019934400542460964,3.6417736181136865e-05,1.0306000613086207e-06,0.13204463899807428,0.0,0.015535865654617892,2.6929399865771333e-05,0.005142166856374227,8.91327657758532e-06,0,47.85872888897477,21
3,Y,161,0.1280330728366667,0.0,0.01659201347537917,3.0124872645906987e-05,-0.00012029836717407656,0.00018963535708932066,3.654932119145082e-05,1.0095369143622846e-06,0.1280330728366667,0.0,0.01659201347537917,3.0124872645906987e-05,0.00532489679374818,9.66801515694867e-06,0,35.66541936597497,21
3,Y,201,0.12962303071499834,0.0,0.016440501884039293,2.8607797104260987e-05,-9.209730526535494e-05,0.00017579842761804686,3.53981935528036e-05,9.157456013933504e-07,0.12962303071499834,0.0,0.016440501884039293,2.8607797104260987e-05,0.0053417945035568615,9.295152569446096e-06,0,76.9334347248455,21
3,Y,241,0.12968951472121373,0.0,0.016324906492301932,2.676986942094419e-05,-0.00038197538324867905,0.00018623283995875523,3.3746754138556654e-05,9.139366212401775e-07,0.12968951472121373,0.0,0.016324906492301932,2.676986942094419e-05,0.00530695618104314,8.702440290006532e-06,0,99.14210243104554,21
3,Y,281,0.12749567993756594,0.0,0.016749557192373258,3.0192070984086422e-05,0.0003410112961063246,0.0001827125726225011,3.859959199230656e-05,1.0189459611764656e-06,0.12749567993756594,0.0,0.016749557192373258,3.0192070984086422e-05,0.005352895112410621,9.64891115317726e-06,0,38.98916963050066,21
3,Y,872,0.128922107638591,0.0,0.016200879876930512,2.8188807149117195e-05,8.047357242894574e-05,0.00018412686687684212,3.561922297972975e-05,8.77724076885078e-07,0.128922107638591,0.0,0.016200879876930512,2.8188807149117195e-05,0.0052354731046100915,9.109489287084646e-06,0,91.39842633228864,21
3,Y,912,0.12922887959090787,0.0,0.01631948602010332,2.9156911091721138e-05,3.062874861122787e-05,0.00018906885163592904,3.8309078559830565e-05,9.685323211361402e-07,0.12922887959090787,0.0,0.01631948602010332,2.9156911091721138e-05,0.005286350927144954,9.444762156879939e-06,0,77.43869730250884,21
3,Y,952,0.12848467581811082,0.0,0.016495588970183585,2.654103774407026e-05,0.00016508337306755488,0.00015755877824335976,2.848971723017957e-05,6.70908169788653e-07,0.12848467581811082,0.0,0.016495588970183585,2.654103774407026e-05,0.005312624169917967,8.547894765607963e-06,0,200.72166536405155,21
3,Y,992,0.13049304524016953,0.0,0.01579119509602814,2.881912948771055e-05,6.550285845041584e-05,0.00018861033016939613,3.45524921661583e-05,9.356801277407547e-07,0.13049304524016953,0.0,0.01579119509602814,2.881912948771055e-05,0.005165261335521616,9.426666845735036e-06,0,44.025645050640584,21
3,Y,1032,0.12925994891248246,0.0,0.016161407752115678,3.308955720177749e-05,-1.4374934799204688e-05,0.00020802831868487983,3.256782158605975e-05,8.554003797192615e-07,0.12925994891248246,0.0,0.016161407752115678,3.308955720177749e-05,0.005236403467414401,1.0721236338085222e-05,0,117.2411626082544,21
3,Y,1072,0.12636245744603225,0.0,0.01687808225294123,3.083032287772867e-05,1.0475706847223897e-05,0.00016650845161931505,3.690829417523356e-05,9.58611684635235e-07,0.12636245744603225,0.0,0.01687808225294123,3.083032287772867e-05,0.005346026368305331,9.765310808281109e-06,0,62.83162730294564,21
3,Y,1112,0.12859844941643342,0.0,0.016269696159925746,2.72951494076972e-05,-0.00017197004720401676,0.0001766215222255205,2.449427716602559e-05,6.667687995842716e-07,0.12859844941643342,0.0,0.016269696159925746,2.72951494076972e-05,0.00524451230523281,8.798550724901143e-06,0,145.3375713358032,21
3,Y,1152,0.1286744131195876,0.0,0.016143024655114763,3.073034069209007e-05,-9.60141850020713e-06,0.00021061527259752635,3.617136634475271e-05,9.369834755065816e-07,0.1286744131195876,0.0,0.016143024655114763,3.073034069209007e-05,0.005206753772454913,9.911730964040158e-06,0,53.00521764712711,21
3,Y,1783,0.12621422937010274,0.0,0.01664736043069636,3.304123498227351e-05,4.2820772816721316e-05,0.00018972992095723427,3.437428826276734e-05,8.729401277188253e-07,0.12621422937010274,0.0,0.01664736043069636,3.304123498227351e-05,0.005266761311166198,1.0453326748239932e-05,0,47.22365908893388,21
3,Y,1823,0.129372684273727,0.0,0.01609824074699552,3.267666085714582e-05,9.581747103790852e-05,0.00017762981399989223,3.4990259313249505e-05,8.066263483630395e-07,0.129372684273727,0.0,0.01609824074699552,3.267666085714582e-05,0.0052204860698841565,1.059668913492278e-05,0,38.11881534004048,21
3,Y,1863,0.12801049393582695,0.0,0.016325525178125383,2.8343750925174665e-05,0.00017987828677450715,0.00017701186587194473,3.090099890445785e-05,8.509453174798684e-07,0.12801049393582695,0.0,0.016325525178125383,2.8343750925174665e-05,0.0052384483783236135,9.094793242457815e-06,0,36.09494462504081,21
3,Y,1903,0.12701365063201014,0.0,0.016508042591760627,3.249246441692935e-05,-1.5324655874091445e-05,0.00019053768468550876,3.2125970269135105e-05,7.289528031820258e-07,0.12701365063201014,0.0,0.016508042591760627,3.249246441692935e-05,0.00525576469924018,1.0344821109139237e-05,0,108.22785240605545,21
3,Y,1943,0.12375893502499534,0.0,0.017292629045614634,3.4571932112711e-05,-7.812290656720092e-05,0.00019894891082029715,3.8542513739565074e-05,8.951614119709346e-07,0.12375893502499534,0.0,0.017292629045614634,3.4571932112711e-05,0.005364478671736902,1.0724823389790262e-05,0,70.40252458904514,21
3,Y,1983,0.13062302464034087,0.0,0.0160417447155064,2.8408295708572293e-05,-0.00020783454201239303,0.00019097273170499366,3.4262943747050965e-05,8.539921231023852e-07,0.13062302464034087,0.0,0.0160417447155064,2.8408295708572293e-05,0.005252442065401411,9.301539828260333e-06,0,47.182518114053714,21
3,Y,2023,0.12702137887703152,0.0,0.01669223627251393,2.881220215793654e-05,-0.00011695932106168378,0.00016893461082646545,2.7579958491065205e-05,6.718248545040115e-07,0.12702137887703152,0.0,0.01669223627251393,2.881220215793654e-05,0.005314730907294191,9.17367204825287e-06,0,122.74730104630284,21
3,Y,2063,0.12826539665595496,0.0,0.016320730771930882,2.567804056697615e-05,-0.0001919825186812116,0.00018832770229987607,3.273298797538737e-05,8.689811891163238e-07,0.12826539665595496,0.0,0.016320730771930882,2.567804056697615e-05,0.005247338046171269,8.255841058903895e-06,0,66.50074452326203,21
3,Y,2654,0.1230322450706455,0.0,0.017815253599421998,3.276758836950251e-05,0.00026732159379201875,0.00017167205071191903,3.3406717904075344e-05,8.097298929687936e-07,0.1230322450706455,0.0,0.017815253599421998,3.276758836950251e-05,0.005494154805136856,1.0105396596705743e-05,0,61.869287747822575,21
3,Y,2694,0.12878392251437096,0.0,0.016629150188037456,3.061423628179815e-05,-3.4730902342783875e-05,0.00016930855826614323,3.3349591375310126e-05,8.487697102030345e-07,0.12878392251437096,0.0,0.016629150188037456,3.061423628179815e-05,0.005368112868711526,9.88268636050434e-06,0,49.827425987678915,21
3,Y,2734,0.12638433964917045,0.0,0.017078788014039142,3.364449591410705e-05,2.0046920825364825e-05,0.00019626813262882994,3.539452640551222e-05,8.646614049806504e-07,0.12638433964917045,0.0,0.017078788014039142,3.364449591410705e-05,0.005410535436330635,1.0658527831782963e-05,0,38.69768753043613,21
3,Y,2774,0.12497260698116988,0.0,0.01764661201052503,2.6715963419094276e-05,-0.00017984134969594565,0.00016728882864724636,3.2442296314384446e-05,7.551158845012226e-07,0.12497260698116988,0.0,0.01764661201052503,2.6715963419094276e-05,0.005527975388122379,8.369039233290023e-06,0,90.95440808544325,21
3,Y,2814,0.1256932951717849,0.0,0.01722584038228425,3.0699035541576835e-05,-1.1586729297659903e-05,0.00017839872157800925,3.277298113990523e-05,8.935561001371946e-07,0.1256932951717849,0.0,0.01722584038228425,3.0699035541576835e-05,0.005427282958261072,9.672233617188384e-06,0,68.37618116376674,21
3,Y,2854,0.13047952307595154,0.0,0.016302173657747703,2.964723155857812e-05,-0.00021264104787453963,0.00019024685936547262,3.364344867861246e-05,8.811635087505054e-07,0.13047952307595154,0.0,0.016302173657747703,2.964723155857812e-05,0.005331848611844004,9.696532115856628e-06,0,37.97627229424766,21
3,Y,2894,0.12684534332043837,0.0,0.017149843359135743,2.710318581761043e-05,9.677406891306809e-05,0.00016831536426411043,2.7938229104258472e-05,7.845169807857442e-07,0.12684534332043837,0.0,0.017149843359135743,2.710318581761043e-05,0.005452863423230939,8.617569706206763e-06,0,118.83330945552797,21
3,Y,2934,0.12410876882711852,0.0,0.017887617462405345,3.129652938455977e-05,-2.9226480847112755e-05,0.000160874895541639,3.148005268224119e-05,6.868191456374527e-07,0.12410876882711852,0.0,0.017887617462405345,3.129652938455977e-05,0.005564740288434017,9.73617969639876e-06,0,76.18511926067337,21
4,X,1,0.13299421170442383,0.0,0.012417811340283136,2.3167248053154552e-05,-0.0007940028063299386,0.00020721738937951934,4.097533545751653e-05,1.9330172189896415e-06,0.13299421170442383,0.0,0.012417811340283136,2.3167248053154552e-05,0.004139689151607104,7.72319717300907e-06,0,76.29043197397239,21
4,X,41,0.13644204768542625,0.0,0.01489717335137593,3.0059654453632256e-05,-0.0007833417672274839,0.00021666988386699704,3.9101060168635906e-05,2.8258398088970567e-06,0.13644204768542625,0.0,0.01489717335137593,3.0059654453632256e-05,0.005094974728527661,1.0280687226841245e-05,0,34.05054946547181,21
4,X,81,0.1360415171714278,0.0,0.015353792982251672,2.82173213412026e-05,-0.0015320056191184652,0.00020644260268594354,3.9008357566552854e-05,5.009628046231936e-07,0.1360415171714278,0.0,0.015353792982251672,2.82173213412026e-05,0.005235728059557252,9.622262152580616e-06,0,64.78797076031707,21
4,X,121,0.1357880039998678,0.0,0.01567797264834668,2.8029003228355817e-05,-0.0012106223315340849,0.00020992126648923922,2.9434118963452827e-05,2.5999690484004865e-06,0.1357880039998678,0.0,0.01567797264834668,2.8029003228355817e-05,0.005336312337066271,9.54023323538063e-06,0,54.141352703321445,21
4,X,161,0.1316325716328413,0.0,0.01655715097635298,2.7389114875069263e-05,-0.0013592972875555288,0.0002361111108436421,3.2499806441003143e-05,2.1050479758422127e-06,0.1316325716328413,0.0,0.01655715097635298,2.7389114875069263e-05,0.005463096966652635,9.037145980428217e-06,0,44.96227374126651,21
4,X,201,0.13128016619595528,0.0,0.01650785666257491,2.981152284828197e-05,-0.0009810278986182631,0.0001969761065652581,3.496157831815061e-05,1.8008034107538958e-06,0.13128016619595528,0.0,0.01650785666257491,2.981152284828197e-05,0.005432249908485906,9.81009500958104e-06,0,48.11302085046915,21
4,X,241,0.13161123749214051,0.0,0.01638698683337784,2.7666730676197277e-05,-0.0009557642005641225,0.00018695580046750344,3.8573553363325795e-05,1.8876140664225724e-06,0.13161123749214051,0.0,0.01638698683337784,2.7666730676197277e-05,0.005406074316660785,9.12726687678254e-06,0,45.41274430022834,21
4,X,281,0.13128753809047294,0.0,0.01683737403088109,2.7073612221761432e-05,-0.0011325120451513503,0.00018945221564291016,3.4587209723589975e-05,1.3836604181871614e-06,0.13128753809047294,0.0,0.01683737403088109,2.7073612221761432e-05,0.0055409955099231505,8.90962946377752e-06,0,55.115493785344185,21
4,X,872,0.13258479845121626,0.0,0.016320823613969238,3.218728304288354e-05,-0.0010808972493677796,0.00022123248198373995,3.110917028659288e-05,2.062744438061095e-06,0.13258479845121626,0.0,0.016320823613969238,3.218728304288354e-05,0.0054240756513412435,1.0697147543847145e-05,0,71.46772606369629,21
4,X,912,0.13081524960530724,0.0,0.016448126763948284,3.0626121659231125e-05,-0.001148171975391605,0.00019249233456315151,3.3843163163914116e-05,1.5990712669455846e-06,0.13081524960530724,0.0,0.016448126763948284,3.0626121659231125e-05,0.005393426352304728,1.0042464652439075e-05,0,53.82547147055309,21
4,X,952,0.13055806385955426,0.0,0.016624405433751533,2.386961017456906e-05,-0.0012489339396540477,0.00017635281183799777,3.81088518308248e-05,1.9441109862838843e-06,0.13055806385955426,0.0,0.016624405433751533,2.386961017456906e-05,0.005440511805524483,7.811581380490001e-06,0,62.43966639842233,21
4,X,992,0.13452971398827265,0.0,0.015885445500774746,2.8679906470476573e-05,-0.0011756406369557591,0.00017704074491510906,2.9202165981824235e-05,1.80287168654203e-06,0.13452971398827265,0.0,0.015885445500774746,2.8679906470476573e-05,0.0053568261494999075,9.671322906163865e-06,0,104.13665176557012,21
4,X,1032,0.13326117829716294,0.0,0.016164253338916024,2.5867338401547207e-05,-0.0013416702429614852,0.00018739797256330299,3.315373722649229e-05,1.698555318081771e-06,0.13326117829716294,0.0,0.016164253338916024,2.5867338401547207e-05,0.005399446366201861,8.640628391989441e-06,0,42.26133870963288,21
4,X,1072,0.12976773868321714,0.0,0.016899592250459877,2.9693949850001924e-05,-0.0009398199328043099,0.00018964661292423973,3.9163478317621457e-05,1.7601577212714173e-06,0.12976773868321714,0.0,0.016899592250459877,2.9693949850001924e-05,0.0054970906287593446,9.658832653009936e-06,0,61.48914421393287,21
4,X,1112,0.1324363744761074,0.0,0.016299720268285325,2.7204336659693733e-05,-0.001128043634576516,0.00020301495252795577,3.802598915806144e-05,1.8517608681903348e-06,0.1324363744761074,0.0,0.016299720268285325,2.7204336659693733e-05,0.00541099793968762,9.030989930703662e-06,0,54.80204909288746,21
4,X,1152,0.13360123693088352,0.0,0.016229705696546023,3.168235562986691e-05,-0.0014208819413329358,0.00021365642285899405,3.330982883228917e-05,1.8852140128505792e-06,0.13360123693088352,0.0,0.016229705696546023,3.168235562986691e-05,0.005435144036127007,1.0610060926044578e-05,0,70.1612348069018,21
4,X,1783,0.13019594266411372,0.0,0.016829559575667417,3.1436533882906764e-05,-0.001303752135591265,0.00020596381977371474,3.3959844991033326e-05,1.6634231125778323e-06,0.13019594266411372,0.0,0.016829559575667417,3.1436533882906764e-05,0.005492374414090837,1.0259401833415446e-05,0,52.754398576599804,21
4,X,1823,0.1321707342842809,0.0,0.016078998554501848,2.8650655186577333e-05,-0.0006608463404782002,0.0001902673430620732,3.231519837382124e-05,1.9130435006364817e-06,0.1321707342842809,0.0,0.016078998554501848,2.8650655186577333e-05,0.005327018844345003,9.492045139776233e-06,0,47.00921399369771,21
4,X,1863,0.13157392088316983,0.0,0.016313516313038786,2.7957644344961325e-05,-0.0009846709940460358,0.00018420805690357684,2.9147404678816492e-05,2.0255160339355245e-06,0.13157392088316983,0.0,0.016313516313038786,2.7957644344961325e-05,0.005380310411165828,9.220624300393233e-06,0,38.1601675958803,21
4,X,1903,0.1310818468603714,0.0,0.01653951547296237,2.2277630615825178e-05,-0.001129135255163319,0.00018955751093401802,2.781938113722071e-05,1.6610469717104329e-06,0.1310818468603714,0.0,0.01653951547296237,2.2277630615825178e-05,0.0054344458857307175,7.319838252934972e-06,0,66.70554951399203,21
4,X,1943,0.1280624269148383,0.0,0.01730634748456277,3.095944604945611e-05,-0.0010240689307945822,0.0001776592873348741,3.6680957853532095e-05,1.597789779022585e-06,0.1280624269148383,0.0,0.01730634748456277,3.095944604945611e-05,0.005555422347499712,9.938133890052618e-06,0,71.47645673837366,21
4,X,1983,0.13155253509771328,0.0,0.016088260649262064,3.086424009066778e-05,-0.0014552231897166687,0.00020694019405427733,3.2002369812459406e-05,1.9220083663545905e-06,0.13155253509771328,0.0,0.016088260649262064,3.086424009066778e-05,0.0053051571059190405,1.0177585147671505e-05,0,51.55777846636478,21
4,X,2023,0.12960581696630066,0.0,0.016759992260657594,3.078289291856741e-05,-0.0008723710374284448,0.00016689267565840878,3.194732344608875e-05,2.0790396459668954e-06,0.12960581696630066,0.0,0.016759992260657594,3.078289291856741e-05,0.0054448791115989294,1.000054940600062e-05,0,84.6910484688306,21
4,X,2063,0.13067201348879098,0.0,0.016476112740680653,2.8744635264269992e-05,-0.0008279092475418481,0.00019064402295161222,2.8347695744707636e-05,1.5823880060319969e-06,0.13067201348879098,0.0,0.016476112740680653,2.8744635264269992e-05,0.0053966875211287615,9.415195008168846e-06,0,85.52031597469269,21
4,X,2654,0.1269804409818735,0.0,0.017843522743313286,3.0745224588264616e-05,-0.0010904472873192485,0.00016787277816146667,3.826403739690176e-05,1.5489411581046087e-06,0.1269804409818735,0.0,0.017843522743313286,3.0745224588264616e-05,0.005679464167939501,9.785982504477007e-06,0,71.61374436959143,21
4,X,2694,0.13018564497207746,0.0,0.016668032196235995,2.9030720881379318e-05,-0.0007690089583710186,0.00019138603008564154,3.509005513727515e-05,1.8774610259161828e-06,0.13018564497207746,0.0,0.016668032196235995,2.9030720881379318e-05,0.005439229253161263,9.473508594134839e-06,0,40.773541249172546,21
4,X,2734,0.12904963098527225,0.0,0.017112061244052516,3.057687320650809e-05,-0.0010401169777551225,0.0001923932093829219,3.5520408236123236e-05,1.6503003637885485e-06,0.12904963098527225,0.0,0.017112061244052516,3.057687320650809e-05,0.005535400225617262,9.890990245538177e-06,0,43.58020828416742,21
4,X,2774,0.1271086905128765,0.0,0.01766205075600379,2.7928623281007722e-05,-0.000853665696537577,0.00016686585127856132,3.657706586813303e-05,1.6662090297192579e-06,0.1271086905128765,0.0,0.01766205075600379,2.7928623281007722e-05,0.0056273808359158795,8.89845701364166e-06,0,62.391628835440315,21
4,X,2814,0.1288721050960827,0.0,0.017206705793057036,2.6372863679515802e-05,-0.0009322577549786832,0.00019138749913825344,4.063949394833011e-05,2.1164818355848265e-06,0.1288721050960827,0.0,0.017206705793057036,2.6372863679515802e-05,0.005558358956310457,8.519343841849201e-06,0,62.89076081551271,21
4,X,2854,0.13091492341936906,0.0,0.016362601674220136,3.1952452492631155e-05,-0.0009681861190600912,0.00019527074187783677,3.8478713856617833e-05,1.6275165186341313e-06,0.13091492341936906,0.0,0.016362601674220136,3.1952452492631155e-05,0.005369470347857559,1.0485358601060457e-05,0,69.69002871008723,21
4,X,2894,0.12793397921700808,0.0,0.017270593353711658,3.0343372733309167e-05,-0.0013587872438511495,0.0001583919238242767,3.2414631335582756e-05,1.551254026500304e-06,0.12793397921700808,0.0,0.017270593353711658,3.0343372733309167e-05,0.00553838447245014,9.73060166180161e-06,0,61.173732863572035,21
4,X,2934,0.12557782350462043,0.0,0.01795549077420706,2.804351591629182e-05,-0.0011180453849374697,0.00018591884131327084,3.387642121548795e-05,1.6225900413996396e-06,0.12557782350462043,0.0,0.01795549077420706,2.804351591629182e-05,0.005651974137996422,8.827451652007102e-06,0,49.183451962020676,21
5,X,1,0.13276979034458217,0.0,0.012437397913645324,2.726872401656564e-05,-0.0015931441124380282,0.00019752708038155674,4.056493926081428e-05,3.0802248211941873e-06,0.13276979034458217,0.0,0.012437397913645324,2.726872401656564e-05,0.00413922212447679,9.07515434814437e-06,0,21.42451351529838,15
5,X,41,0.1356500095734677,0.0,0.01496504441404451,2.8794170023524132e-05,-0.0016150596096216499,0.00018791735172056558,4.747301696503503e-05,4.067550843923348e-06,0.1356500095734677,0.0,0.01496504441404451,2.8794170023524132e-05,0.00508847649837923,9.790713171391093e-06,0,48.794217422983365,15
5,X,81,0.135222555344824,0.0,0.015472491349222612,2.9642114867075106e-05,-0.001328006016928493,0.00018031602109738268,3.937461106739759e-05,3.513712671834312e-06,0.135222555344824,0.0,0.015472491349222612,2.9642114867075106e-05,0.005244442418304909,1.0047274292705674e-05,0,63.494642414456344,15
5,X,121,0.13494582248052475,0.0,0.015777589828270457,2.872268382187198e-05,-0.0012001462383604141,0.00017072306728605475,3.418914081727731e-05,3.813006064634362e-06,0.13494582248052475,0.0,0.015777589828270457,2.872268382187198e-05,0.005336911981337017,9.715706713989739e-06,0,60.793285333433715,15
5,X,161,0.13100871434810227,0.0,0.016692035739947386,3.00921852789087e-05,-0.0012902251549556944,0.0001812847890191447,3.291131947564141e-05,3.1953200669079806e-06,0.13100871434810227,0.0,0.016692035739947386,3.00921852789087e-05,0.0054815000805194854,9.881977165588389e-06,0,106.25288402598969,15
5,X,201,0.13082041035294964,0.0,0.01657114112324402,3.064700498409784e-05,-0.0015583826187410533,0.00016915966899032814,3.9623704444196054e-05,3.361061783258567e-06,0.13082041035294964,0.0,0.01657114112324402,3.064700498409784e-05,0.00543397776635268,1.0049708855311825e-05,0,45.86495606047802,15
5,X,241,0.1311537037909238,0.0,0.01641710088041681,2.947127194765003e-05,-0.001194554109284205,0.00017314180828030952,4.540353779738271e-05,2.9991017382519067e-06,0.1311537037909238,0.0,0.01641710088041681,2.947127194765003e-05,0.00539718072451307,9.688786226103834e-06,0,63.88648489705921,15
5,X,281,0.13118299064487413,0.0,0.01682702788616021,2.911764940365389e-05,-0.0016803072206618853,0.00016511144070775893,2.3054491507098486e-05,2.737851683284332e-06,0.13118299064487413,0.0,0.01682702788616021,2.911764940365389e-05,0.005533180989365155,9.574669111222473e-06,0,80.47024430510822,15
5,X,872,0.132246285838157,0.0,0.01638646727776111,2.892243228813866e-05,-0.001343756266962852,0.0001850387975808589,2.3760866041466767e-05,3.3217257483131317e-06,0.132246285838157,0.0,0.01638646727776111,2.892243228813866e-05,0.0054319873875284036,9.587563002004114e-06,0,97.55823659471913,15
5,X,912,0.13044389811441415,0.0,0.01645960177558052,2.9551599666480594e-05,-0.0013943685879423855,0.00016253240683148824,4.0936136622772844e-05,3.0446362137093194e-06,0.13044389811441415,0.0,0.01645960177558052,2.9551599666480594e-05,0.005381867810193489,9.662615484459204e-06,0,65.90698728789376,15
5,X,952,0.1300651657988694,0.0,0.01666368989820296,2.9955312926129284e-05,-0.0016191670338322286,0.00014602897067914078,4.344350067227887e-05,2.8339307072255977e-06,0.1300651657988694,0.0,0.01666368989820296,2.9955312926129284e-05,0.005432779867929309,9.766181559832555e-06,0,74.35517415179785,15
5,X,992,0.13407849589670773,0.0,0.015961539538138076,2.7050024823237457e-05,-0.0013275235973498288,0.00016345232181454674,2.2075391488454167e-05,3.253570826855235e-06,0.13407849589670773,0.0,0.015961539538138076,2.7050024823237457e-05,0.005364433198997923,9.091106208694696e-06,0,117.86921548968857,15
5,X,1032,0.132538406716822,0.0,0.016313549981798195,3.144893063077562e-05,-0.0019024038015819347,0.00014929096257547555,2.5115323664284264e-05,2.8739965648014174e-06,0.132538406716822,0.0,0.016313549981798195,3.144893063077562e-05,0.005419761275508587,1.0448105812591859e-05,0,77.04872632240068,15
5,X,1072,0.1293896165782669,0.0,0.016901173640332428,2.7949717137811912e-05,-0.001369653566539105,0.00015909642107941364,4.5424176092605515e-05,3.0321635526425773e-06,0.1293896165782669,0.0,0.016901173640332428,2.7949717137811912e-05,0.005481585894693428,9.064978473310774e-06,0,53.29667371915646,15
5,X,1112,0.1322292034844709,0.0,0.016309481148746446,2.8146841122480512e-05,-0.0014631362030183795,0.00017207632219715113,3.557096193347542e-05,2.8108978298554975e-06,0.1322292034844709,0.0,0.016309481148746446,2.8146841122480512e-05,0.005405768722667559,9.329255295990389e-06,0,101.92195514914938,15
5,X,1152,0.13321447059562672,0.0,0.016254003730902085,3.134231948250318e-05,-0.0012982387477937086,0.0001728775829805542,2.7816530671886943e-05,3.2252211544783758e-06,0.13321447059562672,0.0,0.016254003730902085,3.134231948250318e-05,0.005427523249460241,1.046580094969965e-05,0,123.2877702520313,15
5,X,1783,0.12991361023175924,0.0,0.016752553637915297,2.896564276759408e-05,-0.001266847855753648,0.00017267922147007055,3.323242165972906e-05,2.809294099453407e-06,0.12991361023175924,0.0,0.016752553637915297,2.896564276759408e-05,0.0054553874849083365,9.432520465955804e-06,0,98.46793390445146,15
5,X,1823,0.13143650264932727,0.0,0.01617358376800941,2.74030433305907e-05,-0.0013486172747594076,0.00017081185895808528,2.9484385833200012e-05,3.09297794293978e-06,0.13143650264932727,0.0,0.01617358376800941,2.74030433305907e-05,0.005328588595909202,9.028273898912318e-06,0,60.59973996830262,15
5,X,1863,0.13105469123977204,0.0,0.016414424831724183,2.8506156844815518e-05,-0.0013845217513315218,0.0001618678194020579,2.933920528293055e-05,2.5324917201957607e-06,0.13105469123977204,0.0,0.016414424831724183,2.8506156844815518e-05,0.005392227106225601,9.364426302397993e-06,0,77.07307556755859,15
5,X,1903,0.1307147828553224,0.0,0.01657700495645843,2.5285503465060406e-05,-0.0012939370276208219,0.00016588979517924204,2.5830682683568586e-05,2.993911036672236e-06,0.1307147828553224,0.0,0.01657700495645843,2.5285503465060406e-05,0.005431511548724993,8.284880438085055e-06,0,72.71688352417745,15
5,X,1943,0.1274531205999576,0.0,0.01745041149989349,3.4646108383988206e-05,-0.0014358767858115924,0.00016642327605792073,3.7115855019950186e-05,2.683632535801228e-06,0.1274531205999576,0.0,0.01745041149989349,3.4646108383988206e-05,0.005575015511458996,1.1068655409851094e-05,0,50.086982707069666,15
5,X,1983,0.13097229549078956,0.0,0.01619423188446038,2.9028779181022015e-05,-0.001356811782179573,0.00017627622805503593,3.1657605009496324e-05,2.812382622523203e-06,0.13097229549078956,0.0,0.01619423188446038,2.9028779181022015e-05,0.005316547851192094,9.530115085340155e-06,0,54.27835440336816,15
5,X,2023,0.12916572211388075,0.0,0.016784282356500552,2.6765139499473705e-05,-0.0010269515985992259,0.00015625428159169762,3.371560000868579e-05,2.285778463937683e-06,0.12916572211388075,0.0,0.016784282356500552,2.6765139499473705e-05,0.005434254671024525,8.66576129120622e-06,0,56.0684033760889,15
5,X,2063,0.1303816368015598,0.0,0.016565135931095626,2.8108937237915494e-05,-0.0013208067158419158,0.00015839265532248411,1.9740135775910274e-05,2.682492994119934e-06,0.1303816368015598,0.0,0.016565135931095626,2.8108937237915494e-05,0.005413789519534771,9.186515006992916e-06,0,110.54655409001738,15
5,X,2654,0.12646259470846075,0.0,0.01786791832291174,3.1928620681588635e-05,-0.0016789564156491597,0.00015737019653995783,3.785256615090382e-05,2.557332550853499e-06,0.12646259470846075,0.0,0.01786791832291174,3.1928620681588635e-05,0.005664035686767864,1.0121204031803646e-05,0,43.73826174621624,15
5,X,2694,0.12975466466992194,0.0,0.01674477373660204,2.964916819542332e-05,-0.0014241028686041671,0.0001617091136168903,3.541806136112546e-05,2.915009199213614e-06,0.12975466466992194,0.0,0.01674477373660204,2.964916819542332e-05,0.005446182588068223,9.643294446174352e-06,0,55.24185806831726,15
5,X,2734,0.12865238300096848,0.0,0.017176678657392554,2.991446088662982e-05,-0.0014626308266943652,0.0001630976792265419,3.622013200072272e-05,2.880954847591097e-06,0.12865238300096848,0.0,0.017176678657392554,2.991446088662982e-05,0.005539198901384462,9.646926055021292e-06,0,55.9454178283245,15
5,X,2774,0.12658914959080697,0.0,0.01770048811884949,3.025714889823374e-05,-0.001521384284023178,0.00014926505764675937,3.829137475401756e-05,2.8512115912840416e-06,0.12658914959080697,0.0,0.01770048811884949,3.025714889823374e-05,0.005616576252716714,9.600954664959787e-06,0,78.22570931357626,15
5,X,2814,0.12899140786498592,0.0,0.017253088591299467,3.41767592499104e-05,-0.0015684613621581773,0.00017180985584910188,3.203092693230214e-05,6.694503899384859e-07,0.12899140786498592,0.0,0.017253088591299467,3.41767592499104e-05,0.005578501694961115,1.1050491533443368e-05,0,86.7781730819711,15
5,X,2854,0.13044481961435714,0.0,0.016404039339408392,2.828896927327691e-05,-0.0014772171593812064,0.00016900499788786587,3.795937593048415e-05,2.744213572626333e-06,0.13044481961435714,0.0,0.016404039339408392,2.828896927327691e-05,0.005363738209002981,9.249833059096951e-06,0,54.607619142736844,15
5,X,2894,0.12776724135220963,0.0,0.017273105856796547,2.8472362436998516e-05,-0.0015079954118314006,0.00015169156217871972,3.851704253076349e-05,2.7072176427136993e-06,0.12776724135220963,0.0,0.017273105856796547,2.8472362436998516e-05,0.005531970897361082,9.118700579179103e-06,0,47.39997603606493,15
5,X,2934,0.12531718759427213,0.0,0.01799714372902621,3.358126784013141e-05,-0.001610937138595841,0.00015246192398426787,4.216802160098898e-05,2.299289830756945e-06,0.12531718759427213,0.0,0.01799714372902621,3.358126784013141e-05,0.005653327680841512,1.0548668938626071e-05,0,68.90740026691091,15
6,Y,1,0.16724538971361544,0.0,0.012628312428693611,2.0932368532970832e-05,-0.002875032036112957,0.00023076798116015577,9.880984919163893e-17,9.116289795613186e-07,0.16724538971361544,0.0,0.012628312428693611,2.0932368532970832e-05,0.005294066679111938,8.775309875411128e-06,0,54.66444312950203,15
6,Y,41,0.1358073378635519,0.0,0.015068001975995926,2.4458954178421244e-05,-0.0025112813370792466,0.000193394450508169,3.8778149068443015e-05,3.3598555528790977e-06,0.1358073378635519,0.0,0.015068001975995926,2.4458954178421244e-05,0.005129426826416158,8.326280810736698e-06,0,27.664010864711106,15
6,Y,81,0.13191661129111826,0.0,0.015424926207617215,2.2807408823720676e-05,-0.0030423262502799163,0.00017822241156203084,4.821824176935052e-05,2.8611972087624887e-06,0.13191661129111826,0.0,0.015424926207617215,2.2807408823720676e-05,0.0051004972265083475,7.54163254225379e-06,0,12.870494561321435,15
6,Y,121,0.12963656620196345,0.0,0.015818203394629797,2.6734962400593265e-05,-0.002832649233816342,0.00018273649020878572,3.284713938333628e-05,2.137119338467551e-06,0.12963656620196345,0.0,0.015818203394629797,2.6734962400593265e-05,0.005140135985337603,8.687544272479838e-06,0,27.868196601668878,15
6,Y,161,0.1261537334877863,0.0,0.016802378531867963,2.7740065737890397e-05,-0.0032218971362002664,0.00016308578783376813,3.903407220506916e-05,2.2215925325830285e-06,0.1261537334877863,0.0,0.016802378531867963,2.7740065737890397e-05,0.0053132567977935505,8.771977882389748e-06,0,51.97592146577775,15
6,Y,201,0.12703110674859777,0.0,0.01664706631290001,2.458544002546691e-05,-0.002995152637115408,0.00015691018115242386,4.925486387379219e-05,2.1530763414448484e-06,0.12703110674859777,0.0,0.01664706631290001,2.458544002546691e-05,0.005300754925542338,7.828490009115412e-06,0,28.09649992860839,15
6,Y,241,0.12786781573351122,0.0,0.016469162559934962,2.7476611516570372e-05,-0.0029860283744620776,0.00016808940933493816,4.674741008700689e-05,2.328676711311206e-06,0.12786781573351122,0.0,0.016469162559934962,2.7476611516570372e-05,0.005278647932177014,8.806723355686407e-06,0,45.02008816795321,15
6,Y,281,0.1254913023373464,0.0,0.016883559992008176,2.6632520488269636e-05,-0.0028271940920078127,0.00016687896050496321,3.758204652550723e-05,1.9904387386626688e-06,0.1254913023373464,0.0,0.016883559992008176,2.6632520488269636e-05,0.0053108934188571275,8.377526887438462e-06,0,61.01861114155861,15
6,Y,872,0.12672028495804497,0.0,0.016507745768203474,2.4397293083845425e-05,-0.0027100220804976353,0.00015707493362457183,2.843898139110457e-05,2.108405427577453e-06,0.12672028495804497,0.0,0.016507745768203474,2.4397293083845425e-05,0.005243531083385748,7.749572014976453e-06,0,93.45768561631706,15
6,Y,912,0.12744187778274438,0.0,0.01647280171910617,2.6212291169860157e-05,-0.0028305486093632305,0.00017852109782410302,4.316431230384166e-05,2.0084208529541622e-06,0.12744187778274438,0.0,0.01647280171910617,2.6212291169860157e-05,0.005262226859768485,8.373501059636071e-06,0,35.505440838337734,15
6,Y,952,0.12601458497227075,0.0,0.01668681706380327,2.330115300690835e-05,-0.0028870496721962544,0.00015207600977870702,4.452789844525573e-05,1.8028808951744998e-06,0.12601458497227075,0.0,0.01668681706380327,2.330115300690835e-05,0.005270893635759704,7.360175318059342e-06,0,60.97059919344662,15
6,Y,992,0.12876888833547215,0.0,0.01601878476403096,2.800749985760928e-05,-0.003171607534525604,0.00017073444184958106,2.743045274253786e-05,2.4308697438848995e-06,0.12876888833547215,0.0,0.01601878476403096,2.800749985760928e-05,0.005170475048355033,9.04014139110859e-06,0,68.62524760908909,15
6,Y,1032,0.12726673409038425,0.0,0.016358733674470376,2.46019483946243e-05,-0.003043288049387862,0.0001673253180250116,2.9529905770210864e-05,2.229219358246826e-06,0.12726673409038425,0.0,0.016358733674470376,2.46019483946243e-05,0.005218606076320907,7.848277252773135e-06,0,75.58227938176535,15
6,Y,1072,0.12501092754832344,0.0,0.01699924507322138,2.8532206271087034e-05,-0.002783590103749423,0.00016217214485000092,4.298467618240986e-05,1.978587685501907e-06,0.12501092754832344,0.0,0.01699924507322138,2.8532206271087034e-05,0.005326814174938577,8.940735906356119e-06,0,23.915629030588384,15
6,Y,1112,0.12634418456427224,0.0,0.01643381717422248,2.670270220524796e-05,-0.003031548066615729,0.00016877135799450097,3.6128964667028194e-05,2.0477998691043066e-06,0.12634418456427224,0.0,0.01643381717422248,2.670270220524796e-05,0.005204555476211228,8.456689855960756e-06,0,26.60581738433254,15
6,Y,1152,0.1267007395259596,0.0,0.016368519231389652,2.6041662643486313e-05,-0.002810970399152277,0.0001699728144145379,3.565478565780267e-05,2.160599559192234e-06,0.1267007395259596,0.0,0.016368519231389652,2.6041662643486313e-05,0.005198505130805164,8.270614766865965e-06,0,48.6198516251101,15
6,Y,1783,0.12466913724284198,0.0,0.01686215727316515,2.8891624538965494e-05,-0.002935429306942578,0.00017053865626839916,3.4544807669081856e-05,2.0101190071461475e-06,0.12466913724284198,0.0,0.01686215727316515,2.8891624538965494e-05,0.005269410394865389,9.02860910403523e-06,0,56.62547507744386,15
6,Y,1823,0.1276851373365479,0.0,0.016251747012374418,2.5437845683890822e-05,-0.0028943434211863707,0.00016465166169656848,3.2227889786522465e-05,2.054561536067312e-06,0.1276851373365479,0.0,0.016251747012374418,2.5437845683890822e-05,0.005201520749181558,8.14161591602976e-06,0,48.60613270009123,15
6,Y,1863,0.1263287773670775,0.0,0.016484493965851246,2.603996035706319e-05,-0.003030322031408052,0.00014249923989634994,3.047592522420761e-05,2.0049893106754968e-06,0.1263287773670775,0.0,0.016484493965851246,2.603996035706319e-05,0.005219968076899467,8.245795234550792e-06,0,30.49138588413163,15
6,Y,1903,0.12460708640069458,0.0,0.016748253471231638,2.542171423979591e-05,-0.0031867297325411433,0.0001571072185287303,3.7565081395504185e-05,1.8821041604563661e-06,0.12460708640069458,0.0,0.016748253471231638,2.542171423979591e-05,0.005231210553192092,7.94031091300856e-06,0,38.828604140353484,15
6,Y,1943,0.12205361309533692,0.0,0.017540762730283026,3.056818608450895e-05,-0.0031360533080001616,0.00016820923589782057,3.7098656426845514e-05,1.947126151946311e-06,0.12205361309533692,0.0,0.017540762730283026,3.056818608450895e-05,0.00536647423162266,9.352123704789247e-06,0,46.63710532183611,15
6,Y,1983,0.1286734698083327,0.0,0.016231567962127887,2.749220713173608e-05,-0.0029135787867103705,0.00017887194615072007,2.7516639610317695e-05,2.261423681486073e-06,0.1286734698083327,0.0,0.016231567962127887,2.749220713173608e-05,0.005235274055222105,8.867241849548436e-06,0,26.710356992685483,15
6,Y,2023,0.12494924004349839,0.0,0.016910437938383583,2.9743021694346717e-05,-0.003376342094898529,0.00016467229173276459,3.264037707838729e-05,1.781506493884755e-06,0.12494924004349839,0.0,0.016910437938383583,2.9743021694346717e-05,0.005296371111825088,9.315553000715644e-06,0,32.56078953207723,15
6,Y,2063,0.12599030355469135,0.0,0.016643082134556036,2.2778574155888968e-05,-0.0031997755022596325,0.00014510891912229525,2.9656087677659148e-05,1.914822219623857e-06,0.12599030355469135,0.0,0.016643082134556036,2.2778574155888968e-05,0.00525606603568922,7.193721030409971e-06,0,54.030404743571445,15
6,Y,2654,0.12125576078404769,0.0,0.0180324654230765,2.6110474615174912e-05,-0.0030778922099258554,0.00015356071182310826,4.144020696048245e-05,1.8731442108560496e-06,0.12125576078404769,0.0,0.0180324654230765,2.6110474615174912e-05,0.00548084377390881,7.936099078567931e-06,0,47.19874817560809,15
6,Y,2694,0.12662312109860482,0.0,0.016826933875607204,2.6706559033129936e-05,-0.003184638808457912,0.0001644573357601758,3.990727642339265e-05,2.1126266208099104e-06,0.12662312109860482,0.0,0.016826933875607204,2.6706559033129936e-05,0.005340819939428949,8.476584269725113e-06,0,40.328600337209124,15
6,Y,2734,0.12446763505893353,0.0,0.017289998308710548,2.8526131628085392e-05,-0.0031047712797785424,0.0001533339672220229,3.4904316063331665e-05,2.063773307420801e-06,0.12446763505893353,0.0,0.017289998308710548,2.8526131628085392e-05,0.005394377345747066,8.899984573093855e-06,0,42.08840858062907,15
6,Y,2774,0.12289171894515154,0.0,0.017782675253173886,2.811521906265763e-05,-0.0030758102207083956,0.00014930661353958357,4.15081442652282e-05,1.8702773699119649e-06,0.12289171894515154,0.0,0.017782675253173886,2.811521906265763e-05,0.005477843880340185,8.6607205324359e-06,0,43.75071243023268,15
6,Y,2814,0.1241347731867286,0.0,0.017325176467023116,2.9480969030678378e-05,-0.003368604916428881,0.0001735511465523509,3.7273567864055116e-05,2.1261454365395506e-06,0.1241347731867286,0.0,0.017325176467023116,2.9480969030678378e-05,0.005390897272131397,9.173290432555235e-06,0,43.58111649232721,15
6,Y,2854,0.12866937809864076,0.0,0.01647777582026662,2.5045298370695973e-05,-0.003010586853613603,0.00015981047230586285,3.43340460530156e-05,2.3568019518835375e-06,0.12866937809864076,0.0,0.01647777582026662,2.5045298370695973e-05,0.005314516087663372,8.077767446482914e-06,0,32.46210119586235,15
6,Y,2894,0.12489751387459551,0.0,0.01732001888013677,2.779779908483393e-05,-0.0030940040327477485,0.00015720212419798304,3.8352712159452904e-05,1.8164180589883004e-06,0.12489751387459551,0.0,0.01732001888013677,2.779779908483393e-05,0.005422406710598352,8.702702539795267e-06,0,25.60754142846442,15
6,Y,2934,0.12224723141712236,0.0,0.01799050109512989,2.8183877490062143e-05,-0.00317410922057604,0.00014613937876151696,4.013716076897045e-05,1.7137104844885963e-06,0.12224723141712236,0.0,0.01799050109512989,2.8183877490062143e-05,0.005512799867873916,8.63633954839919e-06,0,53.85267845614983,15
7,X,1,0.13346525609247736,0.0,0.012506336129952242,2.4126682639798498e-05,0.0022231524066004668,0.00019103943132497367,4.1016052368786914e-05,2.8641693422842833e-06,0.13346525609247736,0.0,0.012506336129952242,2.4126682639798498e-05,0.004183967045766864,8.071528226946663e-06,0,43.94236604215838,15
7,X,41,0.13630609135572194,0.0,0.015105694158728988,3.0068529710950577e-05,0.0022986449133846273,0.00018348620198324465,3.17718314044807e-05,3.402761281514345e-06,0.13630609135572194,0.0,0.015105694158728988,3.0068529710950577e-05,0.005161142925035314,1.0273475535330473e-05,0,24.96402259061176,15
7,X,81,0.13612324742325746,0.0,0.01558027008985372,2.2423260484432833e-05,0.002360446263724188,0.00016282065573593987,3.519420711705912e-05,3.52182279425628e-06,0.13612324742325746,0.0,0.01558027008985372,2.2423260484432833e-05,0.005316149890726697,7.651049249247838e-06,0,21.983989187421322,15
7,X,121,0.13540787680073557,0.0,0.015980244772518026,2.706032685539579e-05,0.002130353811529342,0.00016975951535945928,2.3090154731104652e-05,3.730560469569489e-06,0.13540787680073557,0.0,0.015980244772518026,2.706032685539579e-05,0.005423970137297457,9.18474071320797e-06,0,69.09595016880053,15
7,X,161,0.13147792462886038,0.0,0.016904122288233337,3.33166736514781e-05,0.002184553823154034,0.000180523227241846,2.560430162661831e-05,3.4399210831298495e-06,0.13147792462886038,0.0,0.016904122288233337,3.33166736514781e-05,0.0055710287560721515,1.0980052309385767e-05,0,63.44701040520505,15
7,X,201,0.13154530978126555,0.0,0.016691547962749357,3.1308104192407014e-05,0.002091662113274087,0.00016524467001647816,3.334299764851611e-05,3.277615968128311e-06,0.13154530978126555,0.0,0.016691547962749357,3.1308104192407014e-05,0.005503790787176817,1.0323383774991649e-05,0,17.623330035630328,15
7,X,241,0.13207082644620644,0.0,0.0165621451836308,2.8510217139348487e-05,0.0020999675743602754,0.0001695852126191339,4.1324665991250286e-05,3.103489159413388e-06,0.13207082644620644,0.0,0.0165621451836308,2.8510217139348487e-05,0.005482939035499436,9.438377742177842e-06,0,37.40396607252445,15
7,X,281,0.1315570795970001,0.0,0.01699500022578804,2.929359022789317e-05,0.001864858290028727,0.00015877437861468432,2.6359300766368167e-05,2.875858761086646e-06,0.1315570795970001,0.0,0.01699500022578804,2.929359022789317e-05,0.005604351073556962,9.659991860012957e-06,0,79.23188815500406,15
7,X,872,0.1327209440568035,0.0,0.01653288419395257,3.047306764552324e-05,0.0020856746157241132,0.00018073891785198002,1.7455632113425603e-05,3.24086901969084e-06,0.1327209440568035,0.0,0.01653288419395257,3.047306764552324e-05,0.005500194153387885,1.0137843254294875e-05,0,69.25276367216264,15
7,X,912,0.13147429659639465,0.0,0.01654218648745119,2.6024870004160538e-05,0.002132763032450297,0.00016671751984283258,3.320065671495842e-05,2.9959457611655728e-06,0.13147429659639465,0.0,0.01654218648745119,2.6024870004160538e-05,0.005451596482617937,8.576683008796802e-06,0,30.714641261523578,15
7,X,952,0.13119663101194207,0.0,0.016704525897951388,2.684549581529408e-05,0.002180082561818284,0.00015896975795666484,3.4304354347370337e-05,2.8229986525515918e-06,0.13119663101194207,0.0,0.016704525897951388,2.684549581529408e-05,0.005493470178838151,8.82844156118962e-06,0,15.751251139579178,15
7,X,992,0.134740802025956,0.0,0.0160748037169368,2.7709420033134988e-05,0.001969997077142247,0.00017348248165666304,1.4240318364379668e-05,3.5460070366588605e-06,0.134740802025956,0.0,0.0160748037169368,2.7709420033134988e-05,0.005429186254839749,9.358720953772572e-06,0,46.797789823205584,15
7,X,1032,0.13306248335502147,0.0,0.016486772297239653,2.7865004626138304e-05,0.002072330891809182,0.00017253326827119266,2.117172228099151e-05,3.36239451423137e-06,0.13306248335502147,0.0,0.016486772297239653,2.7865004626138304e-05,0.005498968076715295,9.294043014248053e-06,0,39.76604252443509,15
7,X,1072,0.1300885699725238,0.0,0.01703004885121089,2.8898925499093094e-05,0.001843629389202263,0.0001490582199256909,4.672884182326198e-05,3.026880828086997e-06,0.1300885699725238,0.0,0.01703004885121089,2.8898925499093094e-05,0.005553221131104484,9.423468197295698e-06,0,42.59048451457636,15
7,X,1112,0.13310862367304382,0.0,0.016472999111292318,2.818382592581421e-05,0.001807889673782664,0.00017051669869270371,2.8060014089363318e-05,3.3514693655642414e-06,0.13310862367304382,0.0,0.016472999111292318,2.818382592581421e-05,0.005496279404792613,9.403641737473526e-06,0,35.401374254306404,15
7,X,1152,0.1335888946681323,0.0,0.016494973292886312,2.894940373628304e-05,0.0020129906831179555,0.0001693776898958285,1.80261219931821e-05,3.2877100088582457e-06,0.1335888946681323,0.0,0.016494973292886312,2.894940373628304e-05,0.005523468827519971,9.693930767478668e-06,0,37.579249855659974,15
7,X,1783,0.13069445458038328,0.0,0.016887877823756104,2.9343788832853367e-05,0.00246468095293205,0.00017999867748613315,2.8775509816071908e-05,3.4120778686433356e-06,0.13069445458038328,0.0,0.016887877823756104,2.9343788832853367e-05,0.005532509562473609,9.613096092428964e-06,0,41.28241521244256,15
7,X,1823,0.1320563430649666,0.0,0.016303536883407358,2.8043306124437085e-05,0.0023945480643997987,0.000178712826238342,2.6382269785311664e-05,3.533494439971474e-06,0.1320563430649666,0.0,0.016303536883407358,2.8043306124437085e-05,0.005396734228523366,9.282787601550098e-06,0,59.360958716959374,15
7,X,1863,0.13157835885516062,0.0,0.016587833724596733,3.0380120205254374e-05,0.0022957845906158903,0.00015247286486081338,2.4129298790828704e-05,2.569335026738616e-06,0.13157835885516062,0.0,0.016587833724596733,3.0380120205254374e-05,0.005470966717913427,1.0019911538099083e-05,0,38.62014729175348,15
7,X,1903,0.13098628947774807,0.0,0.016785099908628264,2.7732592384146176e-05,0.0020236412013675898,0.00016064510924397018,2.5360240320171923e-05,3.2144345274770495e-06,0.13098628947774807,0.0,0.016785099908628264,2.7732592384146176e-05,0.005511117932479258,9.10555123498792e-06,0,79.74761669504156,15
7,X,1943,0.12834820875914577,0.0,0.017512593965143337,3.2293284012896606e-05,0.0023831673928563103,0.00016360196560029794,3.0175033476069757e-05,3.0706568201654964e-06,0.12834820875914577,0.0,0.017512593965143337,3.2293284012896606e-05,0.005634173604990254,1.038943566932785e-05,0,52.312062797593846,15
7,X,1983,0.13147897223685465,0.0,0.0163508466160313,2.92789667948516e-05,0.0020236706945422557,0.00017478168644909266,2.655632224395077e-05,3.2878247860551605e-06,0.13147897223685465,0.0,0.0163508466160313,2.92789667948516e-05,0.005388730685840155,9.649437152839461e-06,0,38.90780301786531,15
7,X,2023,0.12975883861320917,0.0,0.016993454380723427,2.8198160413617214e-05,0.001849180666368252,0.00015153555776894407,3.198567930221663e-05,2.9762352853646133e-06,0.12975883861320917,0.0,0.016993454380723427,2.8198160413617214e-05,0.005527242944143217,9.17165396111472e-06,0,49.392835047098416,15
7,X,2063,0.13099402221389247,0.0,0.01667503114195511,2.8770164065393142e-05,0.0025461573402186313,0.00015928525784351475,2.243154886038601e-05,2.5743772880160175e-06,0.13099402221389247,0.0,0.01667503114195511,2.8770164065393142e-05,0.00547530183471316,9.446778884622593e-06,0,76.8314280324649,15
7,X,2654,0.12741493239374946,0.0,0.01798559967872204,2.914386950453191e-05,0.001975238083965494,0.0001618792682458322,3.761022254068325e-05,2.7801864132456766e-06,0.12741493239374946,0.0,0.01798559967872204,2.914386950453191e-05,0.0057442744971013615,9.308023604005184e-06,0,33.305093072616934,15
7,X,2694,0.1305289931635492,0.0,0.016846608483015717,3.0236198431131464e-05,0.0021872180126282803,0.00017127307835077246,3.359842595069107e-05,3.405868722215212e-06,0.1305289931635492,0.0,0.016846608483015717,3.0236198431131464e-05,0.005512002491427709,9.892911160826418e-06,0,22.827136973299176,15
7,X,2734,0.1293329934902408,0.0,0.017332484596729574,3.449286777777753e-05,0.002051319142492491,0.00016451455804739127,3.0858194776400285e-05,2.8317657411433543e-06,0.1293329934902408,0.0,0.017332484596729574,3.449286777777753e-05,0.005619013645941135,1.118223377896703e-05,0,46.38355310340302,15
7,X,2774,0.12683939521540732,0.0,0.017929482820314025,2.8748002443296077e-05,0.002015340757481971,0.0001392578129060106,4.03762798757501e-05,2.4572400332525926e-06,0.12683939521540732,0.0,0.017929482820314025,2.8748002443296077e-05,0.005700485682202711,9.140117311931903e-06,0,49.90359590114138,15
7,X,2814,0.12966559506546962,0.0,0.01738745497548923,2.8574821844437747e-05,0.002246898527898358,0.0001557836812904104,3.234758899394674e-05,2.7382922868521294e-06,0.12966559506546962,0.0,0.01738745497548923,2.8574821844437747e-05,0.005651330547873349,9.287487088659792e-06,0,29.74321646340655,15
7,X,2854,0.13098257317675652,0.0,0.016552635841262167,3.156509328038492e-05,0.001978389020655806,0.00017495650258109733,3.637204501887481e-05,3.3066261436090466e-06,0.13098257317675652,0.0,0.016552635841262167,3.156509328038492e-05,0.005434637895899835,1.0363597301015266e-05,0,44.09792507821657,15
7,X,2894,0.12863415202765752,0.0,0.017365370182699513,2.829596059470555e-05,0.0021062887890374304,0.0001461961675909394,3.374795833790078e-05,2.417761696532627e-06,0.12863415202765752,0.0,0.017365370182699513,2.829596059470555e-05,0.005599255275350098,9.123693014551907e-06,0,41.95967947575522,15
7,X,2934,0.12621971914089394,0.0,0.018105498374610635,2.8264631643071278e-05,0.0018216358649447136,0.0001595886192981322,3.341745929639484e-05,2.449292721253547e-06,0.12621971914089394,0.0,0.018105498374610635,2.8264631643071278e-05,0.005728324702635502,8.942531395818602e-06,0,21.754804178284072,15
8,Y,1,0.16596188424901653,0.0,0.012759482535316991,1.9899158579331517e-05,-0.0018113089269895413,0.00022536915652621005,1.7208456881689927e-16,8.955937353055665e-07,0.16596188424901653,0.0,0.012759482535316991,1.9899158579331517e-05,0.005308005362261476,8.278144521239322e-06,0,59.52995204809939,15
8,Y,41,0.13541363562096456,0.0,0.015169659507196988,2.6507808519293314e-05,-0.0013961897654065293,0.00019434505215652265,3.354108420696333e-05,3.6652013740481887e-06,0.13541363562096456,0.0,0.015169659507196988,2.6507808519293314e-05,0.005149062523367219,8.997589125750117e-06,0,24.99932469612473,15
8,Y,81,0.13149273605050968,0.0,0.01557157683349208,2.7993139787076687e-05,-0.0014759008218112792,0.00020157779350184736,3.8712635357060486e-05,2.728895152217526e-06,0.13149273605050968,0.0,0.01557157683349208,2.7993139787076687e-05,0.005132444824841011,9.226634333024875e-06,0,32.14109548400377,15
8,Y,121,0.12896177992798794,0.0,0.015975055487242675,2.6375249357083868e-05,-0.0013320745957776223,0.00018718190170357498,3.5454034789367265e-05,2.4478326415444667e-06,0.12896177992798794,0.0,0.015975055487242675,2.6375249357083868e-05,0.0051640843582940205,8.526043165220348e-06,0,27.86125306340029,15
8,Y,161,0.12593952931426988,0.0,0.016890313164037968,2.4732093703717013e-05,-0.0011767397153509454,0.0001732955057720439,3.438496021984927e-05,2.4013379606210834e-06,0.12593952931426988,0.0,0.016890313164037968,2.4732093703717013e-05,0.005331994612626972,7.807516006747507e-06,0,62.272525024226304,15
8,Y,201,0.12691834132144145,0.0,0.01675965034974543,2.51012784299228e-05,-0.0012311149783696261,0.0001632323638477557,4.592085460932927e-05,2.57310453470605e-06,0.12691834132144145,0.0,0.01675965034974543,2.51012784299228e-05,0.005331866608313915,7.98564799942432e-06,0,54.425834617650615,15
8,Y,241,0.12727476360452283,0.0,0.01661573227077975,2.0922073226090367e-05,-0.0013202309169192397,0.00015246182455094884,4.3433756486015996e-05,2.4988381487145447e-06,0.12727476360452283,0.0,0.01661573227077975,2.0922073226090367e-05,0.005300925724772939,6.6747799237716616e-06,0,44.43914134007278,15
8,Y,281,0.12476115313958447,0.0,0.017021169680209586,2.2605543763050616e-05,-0.0014296721883230207,0.00017658104572321082,3.883767844161501e-05,2.143740938081729e-06,0.12476115313958447,0.0,0.017021169680209586,2.2605543763050616e-05,0.005323027569177783,7.069427949295414e-06,0,32.74965898156933,15
8,Y,872,0.1264874495430516,0.0,0.01655248638515876,2.9884946556897703e-05,-0.0013942020442167982,0.0001888174969975711,2.812440532042826e-05,2.256118461869405e-06,0.1264874495430516,0.0,0.01655248638515876,2.9884946556897703e-05,0.00524808196400759,9.475232020804423e-06,0,48.41557055690478,15
8,Y,912,0.1271531206249835,0.0,0.016571365891116952,2.6881447181409695e-05,-0.0013709752590476024,0.00017410902626178014,3.9800509209737546e-05,2.3939544679441025e-06,0.1271531206249835,0.0,0.016571365891116952,2.6881447181409695e-05,0.005281718658532949,8.56780557977588e-06,0,55.90323411158763,15
8,Y,952,0.1260787132960295,0.0,0.016785215029230523,2.559203644049819e-05,-0.001411310402838443,0.0001586090777584821,3.843480807253385e-05,1.933152183256624e-06,0.1260787132960295,0.0,0.016785215029230523,2.559203644049819e-05,0.005304672924496975,8.087914426609175e-06,0,57.72328497126465,15
8,Y,992,0.12793201166494278,0.0,0.016160842848450874,2.7593842753757806e-05,-0.001498670752655211,0.00019621998525872468,2.7493293933278375e-05,2.435674515034736e-06,0.12793201166494278,0.0,0.016160842848450874,2.7593842753757806e-05,0.005182426725297025,8.848738242289505e-06,0,33.65355773956421,15
8,Y,1032,0.12650754321123867,0.0,0.016506125543152395,2.7045522909529133e-05,-0.0015845648694792131,0.00017591099278857462,2.7578753537212953e-05,2.341922679220398e-06,0.12650754321123867,0.0,0.016506125543152395,2.7045522909529133e-05,0.0052342143036313345,8.57633503950742e-06,0,58.442689787492945,15
8,Y,1072,0.12407790646360417,0.0,0.017167565943307886,2.7033558207397017e-05,-0.0015598448696837507,0.0001762337765002143,4.54236655968171e-05,2.5906186563501314e-06,0.12407790646360417,0.0,0.017167565943307886,2.7033558207397017e-05,0.005339408094770248,8.407901271483683e-06,0,49.08974412781929,15
8,Y,1112,0.12583134600944765,0.0,0.016554948128642753,2.834637761384567e-05,-0.0017166449002375401,0.00016875969006045817,3.7170887059115864e-05,2.3790841816168085e-06,0.12583134600944765,0.0,0.016554948128642753,2.834637761384567e-05,0.005221636082411642,8.94079927064423e-06,0,46.91597901410001,15
8,Y,1152,0.12644634765504997,0.0,0.01654715740374074,3.183874899982031e-05,-0.001604731838669862,0.00019111656541667032,3.1889620564168885e-05,2.329901353886888e-06,0.12644634765504997,0.0,0.01654715740374074,3.183874899982031e-05,0.005244687566509236,1.0091418540251307e-05,0,42.24441981077554,15
8,Y,1783,0.12421542083428364,0.0,0.01696750968008926,2.803152285545387e-05,-0.001304688228490189,0.0001681040678962427,3.3436852267032524e-05,2.1389456591672235e-06,0.12421542083428364,0.0,0.01696750968008926,2.803152285545387e-05,0.005283035814858444,8.727947823961798e-06,0,72.37734150268138,15
8,Y,1823,0.12713972285651037,0.0,0.01633309052115098,2.5239502799099732e-05,-0.0012327094939621785,0.00015743811139412968,3.130527456692789e-05,2.1211778442239977e-06,0.12713972285651037,0.0,0.01633309052115098,2.5239502799099732e-05,0.005205225678661797,8.043628235354454e-06,0,42.764721633435094,15
8,Y,1863,0.12557024338368486,0.0,0.01662313397651186,2.6480905552942023e-05,-0.0011655936646571582,0.00015604295701294402,3.0427741004135922e-05,1.8228868072509005e-06,0.12557024338368486,0.0,0.01662313397651186,2.6480905552942023e-05,0.005232263116182605,8.335074818235184e-06,0,36.099999701780746,15
8,Y,1903,0.12447639894321912,0.0,0.016809131797411454,2.82257840542725e-05,-0.0015570429766595555,0.00017320825761361916,3.31787924952004e-05,2.0622453378188453e-06,0.12447639894321912,0.0,0.016809131797411454,2.82257840542725e-05,0.005244719094196625,8.806897962505753e-06,0,25.816668363092287,15
8,Y,1943,0.1217666003122841,0.0,0.01759785502157575,2.8797264608906532e-05,-0.0013007218943474489,0.00015143931072434378,3.2011468964424086e-05,2.0572508333832617e-06,0.1217666003122841,0.0,0.01759785502157575,2.8797264608906532e-05,0.005371280719129415,8.7896048676299e-06,0,45.84473792714274,15
8,Y,1983,0.12796850889624825,0.0,0.016365604778077004,2.755769359488791e-05,-0.0018230616196428704,0.0001897568522739517,2.9805853512757663e-05,2.779378092318264e-06,0.12796850889624825,0.0,0.016365604778077004,2.755769359488791e-05,0.0052495865781096804,8.839667117781965e-06,0,23.88939736100758,15
8,Y,2023,0.1245417471441985,0.0,0.01695440344572107,2.320675974183796e-05,-0.0014027502569858553,0.00015276019123473797,3.641666169737601e-05,2.1644709751064674e-06,0.1245417471441985,0.0,0.01695440344572107,2.320675974183796e-05,0.0052928233748325915,7.244683117808158e-06,0,56.32668012834207,15
8,Y,2063,0.12549912456289142,0.0,0.01672386374276407,2.6921375956357546e-05,-0.001193808233677332,0.00015676250698605488,3.5980366950151835e-05,2.0016820238150112e-06,0.12549912456289142,0.0,0.01672386374276407,2.6921375956357546e-05,0.0052609872709256066,8.46891713546041e-06,0,40.40976475710861,15
8,Y,2654,0.12081212342635893,0.0,0.018060623356407967,2.6604428657327365e-05,-0.00119957623497198,0.00015335344708776978,4.128661782468346e-05,1.8969499249871236e-06,0.12081212342635893,0.0,0.018060623356407967,2.6604428657327365e-05,0.005469318157743965,8.056647982767313e-06,0,56.086131945573825,15
8,Y,2694,0.12666690185485574,0.0,0.016837014928881212,2.6105382278574242e-05,-0.0015101734110831472,0.0001774056023312715,3.1037156879384355e-05,2.0616052675709295e-06,0.12666690185485574,0.0,0.016837014928881212,2.6105382278574242e-05,0.005345867365522981,8.288637372895957e-06,0,31.469752934662313,15
8,Y,2734,0.12414307297462275,0.0,0.017379582097470512,2.4697583652098525e-05,-0.0013253118914562448,0.00016557075724113354,3.3850273090924036e-05,2.2221828539969993e-06,0.12414307297462275,0.0,0.017379582097470512,2.4697583652098525e-05,0.005408187686759361,7.685407338961774e-06,0,26.34364274604749,15
8,Y,2774,0.12228205463966574,0.0,0.017899205118356555,3.0709533658872166e-05,-0.0015243467093237317,0.00015608222547000897,3.873743313966283e-05,2.0900185182087783e-06,0.12228205463966574,0.0,0.017899205118356555,3.0709533658872166e-05,0.0054863865922835904,9.41295284384045e-06,0,59.40033733340052,15
8,Y,2814,0.12353294353892923,0.0,0.017480644855780648,2.623545662591294e-05,-0.0012532716215116397,0.00015077932977696274,3.254498258261351e-05,2.128210714194002e-06,0.12353294353892923,0.0,0.017480644855780648,2.623545662591294e-05,0.005412902116617744,8.123839816691665e-06,0,43.74697597601623,15
8,Y,2854,0.12785979950272508,0.0,0.0166130719938559,2.8729017120852898e-05,-0.001039483632611929,0.00018208524168821427,3.6290458449568245e-05,2.6825870766888907e-06,0.12785979950272508,0.0,0.0166130719938559,2.8729017120852898e-05,0.0053244395457943145,9.207563473308445e-06,0,46.9766062487433,15
8,Y,2894,0.1242075326621578,0.0,0.017398836463261853,2.5576428489135233e-05,-0.0016770005510177723,0.000163044428984213,3.887622131118373e-05,1.9301071329971827e-06,0.1242075326621578,0.0,0.017398836463261853,2.5576428489135233e-05,0.005416990513313308,7.963019296297678e-06,0,46.60080579311306,15
8,Y,2934,0.12191433029067486,0.0,0.01811962595143796,2.4757712040119063e-05,-0.0012312549937021722,0.0001498618510911963,3.9751470082894925e-05,1.8506377468183177e-06,0.12191433029067486,0.0,0.01811962595143796,2.4757712040119063e-05,0.005537247294932638,7.5658059603593055e-06,0,34.19768430684649,15
9,X,1,0.13443308626834036,0.0,0.012814242609347168,2.683121505836987e-05,0.0034606406690027825,0.00023631194745704734,3.356680143249802e-05,1.956096535277452e-06,0.13443308626834036,0.0,0.012814242609347168,2.683121505836987e-05,0.004318063706941261,9.041415828366724e-06,0,43.76050142117537,21
9,X,41,0.1367190432346476,0.0,0.015469135441551268,3.10398034335944e-05,0.00269646649233355,0.0002302836454594625,2.8869903435655985e-05,2.6542900159010076e-06,0.1367190432346476,0.0,0.015469135441551268,3.10398034335944e-05,0.005301331799447126,1.0637459191746564e-05,0,32.59201382253385,21
9,X,81,0.13691116418502206,0.0,0.015850477278542052,2.9612653719368135e-05,0.0031921948310414854,0.00020897528404470702,2.6375830949323388e-05,2.4971858181976886e-06,0.13691116418502206,0.0,0.015850477278542052,2.9612653719368135e-05,0.005439652309877454,1.016263027134402e-05,0,48.676367337698736,21
9,X,121,0.13616509303532312,0.0,0.01624138574281661,2.697228059063759e-05,0.0031753312472996686,0.00022070597163822801,1.9630536220059393e-05,2.170877516709524e-06,0.13616509303532312,0.0,0.01624138574281661,2.697228059063759e-05,0.005543432996041129,9.206051292190431e-06,0,103.05965763559793,21
9,X,161,0.13224724805149737,0.0,0.01720211836632707,3.5825257566340696e-05,0.00309217025700104,0.00021261013306799498,2.5282476157321155e-05,1.8386755686963807e-06,0.13224724805149737,0.0,0.01720211836632707,3.5825257566340696e-05,0.00570241091596945,1.1875882694401991e-05,0,69.02773299970389,21
9,X,201,0.13261286829863447,0.0,0.016925133282829075,3.1817671520238725e-05,0.002791166795543585,0.0002213395852919172,3.353210840472465e-05,1.9931055348382225e-06,0.13261286829863447,0.0,0.016925133282829075,3.1817671520238725e-05,0.005626103276679888,1.0576549265815742e-05,0,48.77743495308382,21
9,X,241,0.13393238479848915,0.0,0.016741143867423706,2.3950314530097374e-05,0.0029177982916964605,0.00018655085201818518,2.9304759974686513e-05,2.2477896019590367e-06,0.13393238479848915,0.0,0.016741143867423706,2.3950314530097374e-05,0.005620315099624137,8.040568521496644e-06,0,48.23313037454339,21
9,X,281,0.13220586126586728,0.0,0.017287301375575225,3.083515576574074e-05,0.0031524045599461412,0.0002029951259007366,2.5304692311716727e-05,1.965659924605678e-06,0.13220586126586728,0.0,0.017287301375575225,3.083515576574074e-05,0.005728855224421901,1.0218491560169784e-05,0,96.53175262343304,21
9,X,872,0.13293485502124097,0.0,0.016987179353302635,3.092587215631956e-05,0.002162264308424082,0.00018137269164642504,2.138728444160798e-05,2.0649114650805866e-06,0.13293485502124097,0.0,0.016987179353302635,3.092587215631956e-05,0.0056604384530985746,1.0305065503132392e-05,0,140.37482484738365,21
9,X,912,0.1323553958740113,0.0,0.01685099644586753,2.8937727273860703e-05,0.002970482962322007,0.00022077061013885992,3.0545791686169e-05,1.963186140996886e-06,0.1323553958740113,0.0,0.01685099644586753,2.8937727273860703e-05,0.0055905839391606,9.600547590924764e-06,0,61.37938616637816,21
9,X,952,0.1325878310884608,0.0,0.016940350241958675,3.0322462223931445e-05,0.0029079057465199562,0.00018996400903612058,2.993302583075508e-05,1.9607793877804424e-06,0.1325878310884608,0.0,0.016940350241958675,3.0322462223931445e-05,0.005630098404711773,1.0077621994558633e-05,0,52.1714295756224,21
9,X,992,0.1348804683406264,0.0,0.016470044427608094,3.1455992260199316e-05,0.0023275792811037377,0.0002183843100995235,1.8380077659485017e-05,2.0410453114053097e-06,0.1348804683406264,0.0,0.016470044427608094,3.1455992260199316e-05,0.00556844289292012,1.0635119857202194e-05,0,122.11722701926266,21
9,X,1032,0.134040176722886,0.0,0.016781269630355807,3.269315752408536e-05,0.0028096310166589996,0.00022508292082863156,2.201158016944982e-05,2.294056128677168e-06,0.134040176722886,0.0,0.016781269630355807,3.269315752408536e-05,0.00563832027185458,1.0984537933026301e-05,0,76.30844372932104,21
9,X,1072,0.13129052382565587,0.0,0.017359278148518485,3.252463468705572e-05,0.0027307898569948028,0.00020946583445284803,3.4834002298518295e-05,2.0424635279933645e-06,0.13129052382565587,0.0,0.017359278148518485,3.252463468705572e-05,0.0057128783619046775,1.0703744714661e-05,0,36.62705198296598,21
9,X,1112,0.13367442334392463,0.0,0.016821026330916797,3.052002505324732e-05,0.0030389779657979594,0.00021790949454338703,2.8124469216770365e-05,2.1698426545668775e-06,0.13367442334392463,0.0,0.016821026330916797,3.052002505324732e-05,0.005636256434328538,1.0226408555467606e-05,0,58.96967080882418,21
9,X,1152,0.1342587624775875,0.0,0.01679389833519009,2.80079026513555e-05,0.003480657240584515,0.0002055817846707124,2.3480673089309456e-05,1.956623603707187e-06,0.1342587624775875,0.0,0.01679389833519009,2.80079026513555e-05,0.005651764975595555,9.425690217090932e-06,0,95.25077317786408,21
9,X,1783,0.1311658373156188,0.0,0.017276683719832372,2.8800031355336295e-05,0.002610479247113845,0.00019419462893287336,2.8464811163307348e-05,1.924721737702196e-06,0.1311658373156188,0.0,0.017276683719832372,2.8800031355336295e-05,0.005680297119344371,9.468989407785002e-06,0,63.03281661324649,21
9,X,1823,0.13268054880137023,0.0,0.016650763336821372,3.18365251269889e-05,0.0029780015669015358,0.00019887969153371032,2.4794669209755594e-05,1.8152686184441643e-06,0.13268054880137023,0.0,0.016650763336821372,3.18365251269889e-05,0.005537724442914825,1.0588217477292815e-05,0,85.39305144271175,21
9,X,1863,0.1322962306808108,0.0,0.016895295215222823,2.763263131863093e-05,0.0030236662000884414,0.00018503837497713986,2.4884517679750752e-05,1.7887724679105383e-06,0.1322962306808108,0.0,0.016895295215222823,2.763263131863093e-05,0.005602775095596237,9.163463355072019e-06,0,75.13394529654693,21
9,X,1903,0.1319404145183182,0.0,0.017141056247884732,3.075948657123896e-05,0.00307877009328633,0.00020021567432542133,2.4736396001826533e-05,1.839769974282535e-06,0.1319404145183182,0.0,0.017141056247884732,3.075948657123896e-05,0.005668985659659847,1.0172948839857626e-05,0,102.3846158126235,21
9,X,1943,0.12928873188766124,0.0,0.017850593832752146,3.562514701989393e-05,0.0026821604372580378,0.00018803055819535273,3.0298827346832425e-05,1.7768990719280173e-06,0.12928873188766124,0.0,0.017850593832752146,3.562514701989393e-05,0.005784998866893586,1.1545354573295408e-05,0,46.82732555810279,21
9,X,1983,0.13205412535502695,0.0,0.016660248917527584,2.9632338235345185e-05,0.002785395228529152,0.00019373971920558662,2.6961326022487688e-05,2.1152026060211606e-06,0.13205412535502695,0.0,0.016660248917527584,2.9632338235345185e-05,0.005514719063588224,9.808618188965409e-06,0,52.61215311613672,21
9,X,2023,0.13079350957840705,0.0,0.017118023181144096,2.6245721626036145e-05,0.0027299900978540754,0.00019531872207612897,2.4558354775929826e-05,1.5702460350058844e-06,0.13079350957840705,0.0,0.017118023181144096,2.6245721626036145e-05,0.005612156040852479,8.604678449807237e-06,0,102.2518664959076,21
9,X,2063,0.13185772577380594,0.0,0.016988209524927137,2.768333555819148e-05,0.0028716379882363758,0.00019099221726889628,1.7489473707789084e-05,1.7792632988555826e-06,0.13185772577380594,0.0,0.016988209524927137,2.768333555819148e-05,0.00561491419428342,9.149849108154729e-06,0,123.40122516184773,21
9,X,2654,0.12876992633358925,0.0,0.018211855478336484,3.1039677816896224e-05,0.0028037066661478717,0.00019197021943735042,3.204320113219694e-05,1.5883733561161674e-06,0.12876992633358925,0.0,0.018211855478336484,3.1039677816896224e-05,0.005878392448109495,1.0018935626171641e-05,0,48.11573939261817,21
9,X,2694,0.13127252977966378,0.0,0.017156899813606394,2.9807280568487782e-05,0.0030354530071754573,0.00020879200235647227,3.082340376478088e-05,2.1022691014921386e-06,0.13127252977966378,0.0,0.017156899813606394,2.9807280568487782e-05,0.005645502500868205,9.808128439383017e-06,0,64.37948930333253,21
9,X,2734,0.13041547762837377,0.0,0.017586931099547422,3.009178447633611e-05,0.0026728753608282465,0.00018981661619620318,2.7092914088189256e-05,1.2979359055548252e-06,0.13041547762837377,0.0,0.017586931099547422,3.009178447633611e-05,0.005749222712260159,9.837098342202597e-06,0,97.5679887674068,21
9,X,2774,0.12879104618928772,0.0,0.018104289816870532,3.172064880189305e-05,0.002961462681613217,0.00017977576450557727,3.272567232859236e-05,1.6410686175222545e-07,0.12879104618928772,0.0,0.018104289816870532,3.172064880189305e-05,0.00584463101700476,1.0240417588448994e-05,0,66.87596683888118,21
9,X,2814,0.13034337925255396,0.0,0.017740717874392898,3.0695992652582525e-05,0.0029135682232722046,0.00018707904497616663,3.142751451324144e-05,1.8606743111698753e-06,0.13034337925255396,0.0,0.017740717874392898,3.0695992652582525e-05,0.0057962899189018926,1.0029068385088635e-05,0,78.2178124967896,21
9,X,2854,0.13171133903202864,0.0,0.0169079152185157,3.201652154375664e-05,0.0030039449606127887,0.00020914564170344322,3.146576590032757e-05,4.0613058572835993e-07,0.13171133903202864,0.0,0.0169079152185157,3.201652154375664e-05,0.005582171314180717,1.0570298338478229e-05,0,76.82272427601933,21
9,X,2894,0.1299220748533805,0.0,0.017666725489135518,2.610462789038387e-05,0.003066543834374746,0.00017017404174945916,2.5602365678954463e-05,1.519520068008483e-06,0.1299220748533805,0.0,0.017666725489135518,2.610462789038387e-05,0.005753457941594869,8.501398787266564e-06,0,53.597961616469675,21
9,X,2934,0.1281295856270824,0.0,0.018220316479791124,2.8160829178456363e-05,0.002831984601761769,0.0001808746753546681,2.9549049572933918e-05,1.507706585496538e-06,0.1281295856270824,0.0,0.018220316479791124,2.8160829178456363e-05,0.005851878116806276,9.044504808865846e-06,0,51.714597668984354,21
