"ScanNumber, ScanName, ScanPointNumber, PCCRates per bx, PCCRateErr per bx"
Scan_1
1,X1,1
"[('41', 0.074040380598746805), ('281', 0.13889533642195959), ('872', 0.17660546200545829), ('1783', 0.18123253719982549), ('2063', 0.12595398585037046)]"
"[('41', 0.017397146827871222), ('281', 0.033554081213347589), ('872', 0.044259055306174501), ('1783', 0.042446070226322997), ('2063', 0.034425823609186251)]"
1,X1,2
"[('41', 0.19961772465406774), ('281', 0.10054121004873583), ('872', 0.13622004846091718), ('1783', 0.19446862352719474), ('2063', 0.1310333686345605)]"
"[('41', 0.050145027775250033), ('281', 0.022023103294999281), ('872', 0.032997484975755637), ('1783', 0.043942240610531653), ('2063', 0.029887287400325244)]"
1,X1,3
"[('41', 0.17334110996455651), ('281', 0.13820955799865381), ('872', 0.13822159605875967), ('1783', 0.15010991969132756), ('2063', 0.1202498698594482)]"
"[('41', 0.029865096681189217), ('281', 0.026858986151915999), ('872', 0.03173548309745991), ('1783', 0.033996257787812345), ('2063', 0.023137025307807983)]"
1,X1,4
"[('41', 0.21701957799170093), ('281', 0.17650062671185182), ('872', 0.19220914256006535), ('1783', 0.19778332668083803), ('2063', 0.21302829978459481)]"
"[('41', 0.027012722404910209), ('281', 0.029056408951012889), ('872', 0.024577038410133523), ('1783', 0.027190830686949701), ('2063', 0.034335240689590166)]"
1,X1,5
"[('41', 0.5126721021459888), ('281', 0.40250798169019503), ('872', 0.33584600888410282), ('1783', 0.4075534103801704), ('2063', 0.47898254555945569)]"
"[('41', 0.046451250051125763), ('281', 0.047387449620052521), ('872', 0.028590929736566899), ('1783', 0.041256867264632076), ('2063', 0.061154487080358165)]"
1,X1,6
"[('41', 1.07422961646835), ('281', 0.82523043232424764), ('872', 0.84909097435345215), ('1783', 0.80851961197806832), ('2063', 0.95746800452334369)]"
"[('41', 0.052107992622733294), ('281', 0.047552120301237483), ('872', 0.048027571567407931), ('1783', 0.035783490392514564), ('2063', 0.055805211065875375)]"
1,X1,7
"[('41', 2.0110372975554687), ('281', 2.0075996421654203), ('872', 1.8279940600765938), ('1783', 1.7904494772308868), ('2063', 2.1107656229643461)]"
"[('41', 0.046418849089471061), ('281', 0.0595360926371638), ('872', 0.056021544493267961), ('1783', 0.055265387595540207), ('2063', 0.05382115910945106)]"
1,X1,8
"[('41', 3.9767096456784277), ('281', 3.9568075466092254), ('872', 3.6679137037930971), ('1783', 3.5932049199350198), ('2063', 4.2585236768802233)]"
"[('41', 0.06616983887809362), ('281', 0.070225676456840885), ('872', 0.066115005922835174), ('1783', 0.062375547768946264), ('2063', 0.068481062434456424)]"
1,X1,9
"[('41', 6.8225527332859039), ('281', 7.1628202169397648), ('872', 6.8350462931805289), ('1783', 6.7439336255960622), ('2063', 8.178465651203938)]"
"[('41', 0.084685813400326229), ('281', 0.087538405468300731), ('872', 0.082988351137677455), ('1783', 0.08488865345685162), ('2063', 0.097715861960815609)]"
1,X1,10
"[('41', 10.585663361924919), ('281', 12.042812575439639), ('872', 10.932858057868501), ('1783', 11.442570296037058), ('2063', 13.366750232126277)]"
"[('41', 0.10196329470512754), ('281', 0.10962952862726702), ('872', 0.10566167628163187), ('1783', 0.10736610604223441), ('2063', 0.12410993008760111)]"
1,X1,11
"[('41', 14.712353843806925), ('281', 16.437624526574645), ('872', 15.048887293610912), ('1783', 15.714665159142506), ('2063', 18.650577539243052)]"
"[('41', 0.11567669955307566), ('281', 0.13032846281993729), ('872', 0.11751242039056438), ('1783', 0.11576258985946603), ('2063', 0.12917124109788974)]"
1,X1,12
"[('41', 17.816933698059138), ('281', 20.227936386613742), ('872', 18.487074392796046), ('1783', 19.378145787380376), ('2063', 22.77261356727178)]"
"[('41', 0.12710307000820628), ('281', 0.14063180088002988), ('872', 0.13337731078505188), ('1783', 0.13315971054864142), ('2063', 0.14078274132353494)]"
1,X1,13
"[('41', 18.934213950483233), ('281', 21.589499192245558), ('872', 19.706931208384933), ('1783', 21.075904955043878), ('2063', 24.483090703476996)]"
"[('41', 0.13284712500102605), ('281', 0.14181320474861744), ('872', 0.13250227287481683), ('1783', 0.13844034444414632), ('2063', 0.15224732577863853)]"
1,X1,14
"[('41', 17.724563275744377), ('281', 20.361454356627014), ('872', 18.479092351329264), ('1783', 19.428140143065917), ('2063', 23.199155720522338)]"
"[('41', 0.12895505705020521), ('281', 0.14455528994684219), ('872', 0.13909648006116304), ('1783', 0.13611467224442172), ('2063', 0.15554800559732934)]"
1,X1,15
"[('41', 14.650053376653515), ('281', 16.456675147170792), ('872', 15.286183721966434), ('1783', 15.956249303776318), ('2063', 18.868017900913614)]"
"[('41', 0.12021401617309194), ('281', 0.12781970145546928), ('872', 0.12356930820537042), ('1783', 0.12010432123143394), ('2063', 0.12940045306634637)]"
1,X1,16
"[('41', 10.769250096463599), ('281', 11.736447675462214), ('872', 11.341822358620938), ('1783', 11.388280689160085), ('2063', 13.656844618367201)]"
"[('41', 0.10267687172891897), ('281', 0.10508371679018687), ('872', 0.10925355250538242), ('1783', 0.10640317992314968), ('2063', 0.11170750755213431)]"
1,X1,17
"[('41', 6.9829869710347801), ('281', 7.3105905582480704), ('872', 7.1662000394838383), ('1783', 7.1019346039266358), ('2063', 8.2416575418693565)]"
"[('41', 0.087516232949287009), ('281', 0.093149189170759816), ('872', 0.088227236686204094), ('1783', 0.085244600556002109), ('2063', 0.092128746246923493)]"
1,X1,18
"[('41', 4.0877346178041929), ('281', 4.2373331830689622), ('872', 3.9850243178788047), ('1783', 4.014310262260909), ('2063', 4.6557141515635267)]"
"[('41', 0.068620894722793119), ('281', 0.084997052666153622), ('872', 0.07334596787621217), ('1783', 0.073840441396063772), ('2063', 0.072254679786690215)]"
1,X1,19
"[('41', 2.0990894843616297), ('281', 2.0211745021299512), ('872', 1.9013806895756014), ('1783', 1.9045100998932805), ('2063', 2.2195884219636501)]"
"[('41', 0.05798504190872935), ('281', 0.062147714815989533), ('872', 0.05553411685867695), ('1783', 0.059987590991796035), ('2063', 0.067898550460615978)]"
1,X1,20
"[('41', 1.0174709714470307), ('281', 0.92293400113094759), ('872', 0.85181628917046559), ('1783', 0.872307968413496), ('2063', 1.0269610482857656)]"
"[('41', 0.046305450199812456), ('281', 0.040901295313835677), ('872', 0.049570419086658046), ('1783', 0.051340572901269602), ('2063', 0.068432470224558561)]"
1,X1,21
"[('41', 0.45572170409350632), ('281', 0.43615043863458697), ('872', 0.38390996248436848), ('1783', 0.34666956144159794), ('2063', 0.44727424342448141)]"
"[('41', 0.035369229090355198), ('281', 0.043415709842320675), ('872', 0.035655094880703612), ('1783', 0.024610604697256126), ('2063', 0.036103731751619933)]"
1,X1,22
"[('41', 0.20362772218405956), ('281', 0.23525588650375101), ('872', 0.25944044259616811), ('1783', 0.24783468404489375), ('2063', 0.24343772922682663)]"
"[('41', 0.025401108820799934), ('281', 0.038269611870046849), ('872', 0.041322220449667962), ('1783', 0.0441748077061049), ('2063', 0.035087871053331297)]"
1,X1,23
"[('41', 0.27578781010932518), ('281', 0.19108872193511964), ('872', 0.14311642973139616), ('1783', 0.16914299608360758), ('2063', 0.21459343026386646)]"
"[('41', 0.044370252022558856), ('281', 0.040071175462075573), ('872', 0.026500987559040453), ('1783', 0.031343634655308074), ('2063', 0.043804602943903592)]"
1,X1,24
"[('41', 0.2069971107083251), ('281', 0.14724493551021872), ('872', 0.18095426115204105), ('1783', 0.20704260741591587), ('2063', 0.17516603841321127)]"
"[('41', 0.049020084417073215), ('281', 0.038626431939097379), ('872', 0.045290492044084939), ('1783', 0.058635310068124009), ('2063', 0.032983520446456263)]"
1,X1,25
"[('41', 0.13271834815459579), ('281', 0.10861994686580025), ('872', 0.11704953338119167), ('1783', 0.13734464037331179), ('2063', 0.15764342643785453)]"
"[('41', 0.031217328166722225), ('281', 0.02410660745586396), ('872', 0.026713884887428381), ('1783', 0.032873914366977744), ('2063', 0.038316326074522344)]"
Scan_2
2,Y1,1
"[('41', 0.13028544906010675), ('281', 0.12987205912391139), ('872', 0.13896753710906679), ('1783', 0.14077642865099699), ('2063', 0.078160108447382595)]"
"[('41', 0.030122047820127763), ('281', 0.035819475611740606), ('872', 0.028649176565129015), ('1783', 0.039022814125699128), ('2063', 0.018860086844397259)]"
2,Y1,2
"[('41', 0.14942582088582329), ('281', 0.11177857832578177), ('872', 0.10884094833187903), ('1783', 0.10548252942705433), ('2063', 0.16284727380775516)]"
"[('41', 0.036442146129221663), ('281', 0.028205750632487817), ('872', 0.028675489635632601), ('1783', 0.025100193025974226), ('2063', 0.036495267979097315)]"
2,Y1,3
"[('41', 0.15000134602787174), ('281', 0.19743667989014344), ('872', 0.099524407753050964), ('1783', 0.1450517304810531), ('2063', 0.11408390026746128)]"
"[('41', 0.026555314112282756), ('281', 0.042221134668136442), ('872', 0.020708241279009519), ('1783', 0.035452414836109385), ('2063', 0.023648344130558333)]"
2,Y1,4
"[('41', 0.22168177331059857), ('281', 0.22339795368874529), ('872', 0.21442928930366117), ('1783', 0.24874818284606687), ('2063', 0.18421288817088494)]"
"[('41', 0.0349757752915262), ('281', 0.044220708865719688), ('872', 0.041587222914763827), ('1783', 0.047313151465215725), ('2063', 0.0284528685088455)]"
2,Y1,5
"[('41', 0.47911843356844164), ('281', 0.31411159676536315), ('872', 0.32723715854840446), ('1783', 0.36763940487086988), ('2063', 0.44894900285411693)]"
"[('41', 0.035621604355834731), ('281', 0.036186515896841819), ('872', 0.034728728742319109), ('1783', 0.040586601461644806), ('2063', 0.04464690470228385)]"
2,Y1,6
"[('41', 0.94311177125881918), ('281', 0.76106515138854069), ('872', 0.69353730761376087), ('1783', 0.70417919869295609), ('2063', 0.74073798956340875)]"
"[('41', 0.039256776171691828), ('281', 0.04279449295403872), ('872', 0.045227240159923514), ('1783', 0.03972287877103485), ('2063', 0.038997256526790564)]"
2,Y1,7
"[('41', 2.1574866742044905), ('281', 1.6691468164928467), ('872', 1.611313508372068), ('1783', 1.5051956209619526), ('2063', 1.793728010339628)]"
"[('41', 0.060904815959042298), ('281', 0.053984607535419643), ('872', 0.055516688418103727), ('1783', 0.047312699139703852), ('2063', 0.051988376533976276)]"
2,Y1,8
"[('41', 3.9359643927565102), ('281', 3.4583550234252991), ('872', 3.4344954457755641), ('1783', 3.2883511001040882), ('2063', 3.9290766137718101)]"
"[('41', 0.062164002108152656), ('281', 0.057894008663222266), ('872', 0.06680904854992005), ('1783', 0.065665085900382475), ('2063', 0.063652455399561464)]"
2,Y1,9
"[('41', 6.9091088558071085), ('281', 6.7656393042416845), ('872', 6.3508301175625954), ('1783', 6.3915493463260562), ('2063', 7.8031755434685053)]"
"[('41', 0.089729005529207276), ('281', 0.086625441636314374), ('872', 0.077628390555415538), ('1783', 0.083783646954337224), ('2063', 0.093141431137470254)]"
2,Y1,10
"[('41', 10.765947900682873), ('281', 11.342978692850348), ('872', 10.409261801573843), ('1783', 10.64172836182528), ('2063', 12.721218485509393)]"
"[('41', 0.10415567669914609), ('281', 0.10349173701594513), ('872', 0.10035280975422912), ('1783', 0.098104848296140718), ('2063', 0.10649440699796882)]"
2,Y1,11
"[('41', 14.591177862970973), ('281', 16.236311640560441), ('872', 15.017656724315593), ('1783', 15.704791875533772), ('2063', 18.26878974977949)]"
"[('41', 0.11629299870798099), ('281', 0.12423099589180739), ('872', 0.12280346895565734), ('1783', 0.11942639815766483), ('2063', 0.13137424824464061)]"
2,Y1,12
"[('41', 17.81680374282903), ('281', 20.360190893560127), ('872', 18.501448199034535), ('1783', 19.478199118124856), ('2063', 23.020045122415443)]"
"[('41', 0.13007809096877335), ('281', 0.14483880282140424), ('872', 0.13222803658170032), ('1783', 0.13403459639949267), ('2063', 0.14596344880436635)]"
2,Y1,13
"[('41', 19.230717103736367), ('281', 21.715116009173034), ('872', 19.831459526705228), ('1783', 20.809192265203627), ('2063', 24.557327886356251)]"
"[('41', 0.13949443635652398), ('281', 0.14161238941660753), ('872', 0.13830118101555972), ('1783', 0.14029923715128595), ('2063', 0.15289678290381642)]"
2,Y1,14
"[('41', 18.001528610982927), ('281', 20.28622122208759), ('872', 18.323952464280907), ('1783', 19.680181912581965), ('2063', 23.148665672933596)]"
"[('41', 0.13386995827831003), ('281', 0.14328055503336493), ('872', 0.13275347437965318), ('1783', 0.1394988872758692), ('2063', 0.14959061092267681)]"
2,Y1,15
"[('41', 14.848521698770016), ('281', 16.225019961747719), ('872', 15.218956826852565), ('1783', 15.581862740547516), ('2063', 18.702649756749732)]"
"[('41', 0.12138794275254604), ('281', 0.12302294832659769), ('872', 0.12523529877446063), ('1783', 0.11867294131045115), ('2063', 0.13387848793794715)]"
2,Y1,16
"[('41', 10.971195778970227), ('281', 11.387486199994614), ('872', 10.578135936967174), ('1783', 10.92375961305491), ('2063', 12.979024180085087)]"
"[('41', 0.10362370691377262), ('281', 0.10256649110283585), ('872', 0.098579926565709824), ('1783', 0.10528910265306776), ('2063', 0.11133638021602349)]"
2,Y1,17
"[('41', 7.0166722364561283), ('281', 6.5391121881470342), ('872', 6.5323994132828309), ('1783', 6.4233771779186659), ('2063', 7.760433785502725)]"
"[('41', 0.082863805302348978), ('281', 0.079122308388732868), ('872', 0.084258345891786046), ('1783', 0.080181849805874034), ('2063', 0.087651859752248706)]"
2,Y1,18
"[('41', 3.983097941563873), ('281', 3.5368637670567646), ('872', 3.3667060870902921), ('1783', 3.2203901510417166), ('2063', 4.0082027117992114)]"
"[('41', 0.065038321922273601), ('281', 0.069725393192971108), ('872', 0.063659644981828772), ('1783', 0.063051597403594617), ('2063', 0.076103478780124065)]"
2,Y1,19
"[('41', 2.1009315097996986), ('281', 1.7228958918618114), ('872', 1.6178972683872357), ('1783', 1.4448552506416354), ('2063', 1.7371406517856343)]"
"[('41', 0.059574082357507205), ('281', 0.055631776310502805), ('872', 0.062675538252433563), ('1783', 0.049205034936207773), ('2063', 0.045496061508143726)]"
2,Y1,20
"[('41', 1.0524034087744378), ('281', 0.73119417674038589), ('872', 0.74578772941209237), ('1783', 0.61644077237281847), ('2063', 0.76200778080054965)]"
"[('41', 0.057584687329622825), ('281', 0.043974319752780759), ('872', 0.045571622456070229), ('1783', 0.035329305634855479), ('2063', 0.036291030512394816)]"
2,Y1,21
"[('41', 0.47606826869582386), ('281', 0.30639428427817472), ('872', 0.25731592408130299), ('1783', 0.28941275709824471), ('2063', 0.36762132131862607)]"
"[('41', 0.034058314335988799), ('281', 0.029423242881485172), ('872', 0.023569277229991768), ('1783', 0.032117503524944753), ('2063', 0.037623988925428065)]"
2,Y1,22
"[('41', 0.33866805295111491), ('281', 0.2035989860441795), ('872', 0.1614445527549552), ('1783', 0.14688216563466056), ('2063', 0.19667975822400491)]"
"[('41', 0.055302733907462438), ('281', 0.033993066994109179), ('872', 0.028362673232978242), ('1783', 0.023201536334908922), ('2063', 0.029653061167158091)]"
2,Y1,23
"[('41', 0.17135463253236999), ('281', 0.11356727177972727), ('872', 0.12716441758279928), ('1783', 0.20988458432118387), ('2063', 0.12665363735070576)]"
"[('41', 0.036849235304126586), ('281', 0.023937488885863431), ('872', 0.026138408195491011), ('1783', 0.046559491668488807), ('2063', 0.02608626585925607)]"
2,Y1,24
"[('41', 0.1724694903086863), ('281', 0.13000592363890934), ('872', 0.14384422110552764), ('1783', 0.18024622673677787), ('2063', 0.099029805871424598)]"
"[('41', 0.045890215239317661), ('281', 0.033460882088425667), ('872', 0.037292155805625629), ('1783', 0.043285744652732189), ('2063', 0.025021603504029724)]"
2,Y1,25
"[('41', 0.13502333094041638), ('281', 0.12228395006327353), ('872', 0.14727207465900932), ('1783', 0.098406260095480813), ('2063', 0.20852106481897001)]"
"[('41', 0.035265610705220059), ('281', 0.03096979274140392), ('872', 0.032807022877281884), ('1783', 0.033491982824560854), ('2063', 0.046473199910346048)]"
Scan_3
3,Y2,1
"[('41', 0.1484364430093173), ('281', 0.11653796189376443), ('872', 0.10260041310759739), ('1783', 0.12347237880496054), ('2063', 0.088570938844734728)]"
"[('41', 0.032286795696975755), ('281', 0.025705037121555013), ('872', 0.026122615681570205), ('1783', 0.035745592136008343), ('2063', 0.018704678434639837)]"
3,Y2,2
"[('41', 0.15639470189166876), ('281', 0.15850363948051016), ('872', 0.16493180186647524), ('1783', 0.12770558885817868), ('2063', 0.15735006372628216)]"
"[('41', 0.037002819325849132), ('281', 0.038410870080108642), ('872', 0.042876401129875966), ('1783', 0.03395758757391356), ('2063', 0.039597731545688901)]"
3,Y2,3
"[('41', 0.2013658308954179), ('281', 0.14199037840166584), ('872', 0.11353500183960444), ('1783', 0.1175356726195818), ('2063', 0.12012206067133369)]"
"[('41', 0.039894338691950838), ('281', 0.034859312227881294), ('872', 0.023160982630193755), ('1783', 0.024980487233201204), ('2063', 0.025170916421260205)]"
3,Y2,4
"[('41', 0.27130948214750406), ('281', 0.24953328067782007), ('872', 0.23938795656465942), ('1783', 0.15123969166988219), ('2063', 0.19984741731364716)]"
"[('41', 0.034228358941163252), ('281', 0.051375053955500766), ('872', 0.042455086312064086), ('1783', 0.028291761205503144), ('2063', 0.03149557159804723)]"
3,Y2,5
"[('41', 0.46618808327351041), ('281', 0.27812084874160775), ('872', 0.30554683083108236), ('1783', 0.38226505505155195), ('2063', 0.41247217634810079)]"
"[('41', 0.035496129194913739), ('281', 0.022912476641349284), ('872', 0.030597530076279703), ('1783', 0.048084272952331003), ('2063', 0.04177215115271405)]"
3,Y2,6
"[('41', 0.9126755507695069), ('281', 0.77257143882825963), ('872', 0.6892980850338305), ('1783', 0.62401744373855927), ('2063', 0.8080972168621714)]"
"[('41', 0.037882023899097665), ('281', 0.043608033754352515), ('872', 0.042513822523565857), ('1783', 0.03534782586083135), ('2063', 0.049251860663746601)]"
3,Y2,7
"[('41', 2.0219078385503693), ('281', 1.6165908457896203), ('872', 1.61933759096985), ('1783', 1.4403360564426291), ('2063', 1.8907539619908831)]"
"[('41', 0.05514561814543073), ('281', 0.059499584864151286), ('872', 0.054235432872480775), ('1783', 0.045873662803289673), ('2063', 0.052332821286038361)]"
3,Y2,8
"[('41', 3.990104432582966), ('281', 3.4390975349333828), ('872', 3.3254179701642177), ('1783', 3.1646908101785232), ('2063', 4.022598345511434)]"
"[('41', 0.072108697745843497), ('281', 0.058543939305733234), ('872', 0.06494067200686221), ('1783', 0.059709924791306164), ('2063', 0.074980978835736484)]"
3,Y2,9
"[('41', 7.0303130917020376), ('281', 6.7252492797587529), ('872', 6.2948714497240541), ('1783', 6.2771217314836418), ('2063', 7.6072826165003233)]"
"[('41', 0.089622199316465659), ('281', 0.080894736198276709), ('872', 0.078196750881434546), ('1783', 0.07882932610476677), ('2063', 0.081539229793273216)]"
3,Y2,10
"[('41', 10.90107858796504), ('281', 11.15733735404719), ('872', 10.385877855745589), ('1783', 10.719700300596706), ('2063', 12.950278226530246)]"
"[('41', 0.099679901673230611), ('281', 0.10407408403241036), ('872', 0.0978084313465621), ('1783', 0.10697559018349068), ('2063', 0.11151167836506171)]"
3,Y2,11
"[('41', 14.815732091420573), ('281', 16.348567530695771), ('872', 15.103732019633707), ('1783', 15.611375343252508), ('2063', 18.376402376635731)]"
"[('41', 0.12017493880761335), ('281', 0.12242760351980427), ('872', 0.12072340289130667), ('1783', 0.12600515550425737), ('2063', 0.12865024121340846)]"
3,Y2,12
"[('41', 18.129648241206031), ('281', 20.303834278739139), ('872', 18.18891391548588), ('1783', 19.420825930113605), ('2063', 22.845008481497771)]"
"[('41', 0.13255657288685072), ('281', 0.13256552561954255), ('872', 0.12979335882030466), ('1783', 0.13065349071404472), ('2063', 0.14419102456095775)]"
3,Y2,13
"[('41', 18.776081767440189), ('281', 21.729700135526894), ('872', 19.956107760786846), ('1783', 21.157809723792603), ('2063', 24.347094828669384)]"
"[('41', 0.127600807093532), ('281', 0.14174813866642494), ('872', 0.1326044784932536), ('1783', 0.1404612703575906), ('2063', 0.14401998369934094)]"
3,Y2,14
"[('41', 18.070771487185201), ('281', 20.351169419607626), ('872', 18.429490512087341), ('1783', 19.725068461359946), ('2063', 23.050863509749302)]"
"[('41', 0.13402792856722331), ('281', 0.14088432165377407), ('872', 0.13144675690644564), ('1783', 0.13766598391203977), ('2063', 0.14685284831006146)]"
3,Y2,15
"[('41', 14.911783605418549), ('281', 16.349769397132011), ('872', 15.048491164083192), ('1783', 15.54789321939697), ('2063', 18.618296475166339)]"
"[('41', 0.1189507832200139), ('281', 0.11884983726509199), ('872', 0.11443276229426844), ('1783', 0.12035218072741542), ('2063', 0.1267006778365137)]"
3,Y2,16
"[('41', 10.694792666840154), ('281', 11.414096718604151), ('872', 10.491169502476847), ('1783', 10.881145738924435), ('2063', 12.643706529055418)]"
"[('41', 0.10142473125538636), ('281', 0.10430370094858003), ('872', 0.1033135508131249), ('1783', 0.10149721072966733), ('2063', 0.10890464551089864)]"
3,Y2,17
"[('41', 6.8267591479281444), ('281', 6.6945818113282058), ('872', 6.3705342319462268), ('1783', 6.4328502848938935), ('2063', 7.5874423363429129)]"
"[('41', 0.079961233403284274), ('281', 0.078613609309798493), ('872', 0.079252059847934792), ('1783', 0.079039226459200806), ('2063', 0.087104065107320286)]"
3,Y2,18
"[('41', 4.0356938148090249), ('281', 3.51148227282992), ('872', 3.3092721730597217), ('1783', 3.2586250314782172), ('2063', 3.9040587841887207)]"
"[('41', 0.066279104768250927), ('281', 0.075008815631679299), ('872', 0.056275775230910097), ('1783', 0.065304745045916893), ('2063', 0.064222030836140379)]"
3,Y2,19
"[('41', 2.0381547186403566), ('281', 1.6120595257328523), ('872', 1.5069142205910067), ('1783', 1.4837485193294806), ('2063', 1.8831744664045811)]"
"[('41', 0.054148063617370013), ('281', 0.051025689803044096), ('872', 0.039575758871720802), ('1783', 0.049325896438006035), ('2063', 0.053961605299227465)]"
3,Y2,20
"[('41', 1.0266130815602497), ('281', 0.72551206846812188), ('872', 0.72436803492274116), ('1783', 0.62595067544829575), ('2063', 0.81864951150088472)]"
"[('41', 0.056809038762925604), ('281', 0.044364976972589711), ('872', 0.046679399102449816), ('1783', 0.041043633147301389), ('2063', 0.053344252419212805)]"
3,Y2,21
"[('41', 0.44596086031925491), ('281', 0.34833457495983411), ('872', 0.28518611579740838), ('1783', 0.35260914434423657), ('2063', 0.36178252479468653)]"
"[('41', 0.032096524855570678), ('281', 0.050196409434848446), ('872', 0.039215805415441306), ('1783', 0.061551791017804593), ('2063', 0.047269410432078787)]"
3,Y2,22
"[('41', 0.28312934457595018), ('281', 0.18105321870251764), ('872', 0.20917621721406046), ('1783', 0.20034419436405765), ('2063', 0.17788762056795562)]"
"[('41', 0.038447919484645848), ('281', 0.030223572341563431), ('872', 0.054194373490110394), ('1783', 0.035435467349599091), ('2063', 0.025299935465803329)]"
3,Y2,23
"[('41', 0.13215183058147884), ('281', 0.12536686502059829), ('872', 0.15695159814073689), ('1783', 0.14883345297918163), ('2063', 0.09180742788418389)]"
"[('41', 0.024477196432897242), ('281', 0.027151260969902068), ('872', 0.030631010530910378), ('1783', 0.03477602095147047), ('2063', 0.017691380431708901)]"
3,Y2,24
"[('41', 0.18710516870064609), ('281', 0.074969260180041103), ('872', 0.10580158836990174), ('1783', 0.12301907787289794), ('2063', 0.14711531557406476)]"
"[('41', 0.039068005971056557), ('281', 0.018711203919306901), ('872', 0.026421165872081123), ('1783', 0.034696207609271182), ('2063', 0.034746947129733044)]"
3,Y2,25
"[('41', 0.11414521209293144), ('281', 0.13775803266917969), ('872', 0.080140717407497147), ('1783', 0.15601697728883823), ('2063', 0.11728383981619429)]"
"[('41', 0.030099176244905792), ('281', 0.034460202614802357), ('872', 0.02143454666351715), ('1783', 0.038328484047726458), ('2063', 0.028942306355029979)]"
Scan_4
4,X2,1
"[('41', 0.10446877243359655), ('281', 0.16126079230313584), ('872', 0.091547020818377609), ('1783', 0.084770553292295547), ('2063', 0.10028182666762404)]"
"[('41', 0.032998621844176769), ('281', 0.051599000372358081), ('872', 0.020726961186105675), ('1783', 0.020688261056465596), ('2063', 0.028824283281524931)]"
4,X2,2
"[('41', 0.16793941079873295), ('281', 0.18524435668446798), ('872', 0.14132141671377679), ('1783', 0.16464158799669765), ('2063', 0.18635731274962977)]"
"[('41', 0.037756286293700876), ('281', 0.043687463312924911), ('872', 0.03492935091342652), ('1783', 0.039248888772636575), ('2063', 0.053304084840550783)]"
4,X2,3
"[('41', 0.13162535969553513), ('281', 0.18440012626966001), ('872', 0.18494899143204582), ('1783', 0.19577426871269299), ('2063', 0.12502785411869569)]"
"[('41', 0.029659075705751076), ('281', 0.036993039389751833), ('872', 0.036459839580179114), ('1783', 0.041985865056268591), ('2063', 0.029179573751124132)]"
4,X2,4
"[('41', 0.25465035937654229), ('281', 0.19781896513036845), ('872', 0.27338807376497509), ('1783', 0.18979890343596048), ('2063', 0.24968362099141064)]"
"[('41', 0.030737262199639386), ('281', 0.029904668469699199), ('872', 0.052634280388557851), ('1783', 0.032417310260756685), ('2063', 0.035245931340627069)]"
4,X2,5
"[('41', 0.46076010471398599), ('281', 0.39943366446940859), ('872', 0.40468587553839297), ('1783', 0.46981230157993426), ('2063', 0.48644407717591132)]"
"[('41', 0.039994419413836572), ('281', 0.031812360288049311), ('872', 0.039834390470170358), ('1783', 0.04740567187950679), ('2063', 0.058627464550172537)]"
4,X2,6
"[('41', 1.0620978669562173), ('281', 0.95666729493703828), ('872', 0.88552351721724143), ('1783', 0.87143869850414124), ('2063', 1.009693749326823)]"
"[('41', 0.04374815919307791), ('281', 0.048078247963534625), ('872', 0.044038069698895628), ('1783', 0.043076054920906909), ('2063', 0.048601209370031651)]"
4,X2,7
"[('41', 2.1126835134067985), ('281', 2.0362512004451743), ('872', 1.8163111466082758), ('1783', 1.7862501570436311), ('2063', 2.1325548834120158)]"
"[('41', 0.05499531026103547), ('281', 0.061778079247161881), ('872', 0.045382940534589189), ('1783', 0.048213500070042145), ('2063', 0.061380160093324053)]"
4,X2,8
"[('41', 3.9865310176461306), ('281', 4.0635196241376432), ('872', 3.8857604366836549), ('1783', 3.7638961087182534), ('2063', 4.522724951486059)]"
"[('41', 0.068003190801342067), ('281', 0.070014686156590775), ('872', 0.068648854632942832), ('1783', 0.061790391008655576), ('2063', 0.069915052697757982)]"
4,X2,9
"[('41', 6.9617518388539015), ('281', 7.4818586581273019), ('872', 6.8960043840252272), ('1783', 7.120338054169431), ('2063', 8.3650779912680555)]"
"[('41', 0.088603917074564206), ('281', 0.092741296778901902), ('872', 0.086873468941298521), ('1783', 0.092008470143284143), ('2063', 0.098125592295065137)]"
4,X2,10
"[('41', 10.929407225283107), ('281', 12.159737555423915), ('872', 11.113435461145663), ('1783', 11.39804910441868), ('2063', 13.505721850738231)]"
"[('41', 0.10609333794555226), ('281', 0.10790106185865558), ('872', 0.10212468868621358), ('1783', 0.10004209611890615), ('2063', 0.10858834290757687)]"
4,X2,11
"[('41', 14.905558788026157), ('281', 16.739355880973473), ('872', 15.368453047790254), ('1783', 16.215793038766151), ('2063', 18.925271632924254)]"
"[('41', 0.11658378541447686), ('281', 0.12542725490839737), ('872', 0.11515995739630334), ('1783', 0.12280117210242755), ('2063', 0.13136612575211062)]"
4,X2,12
"[('41', 18.06486176045658), ('281', 20.660299964995108), ('872', 18.658001238345641), ('1783', 19.742570259502532), ('2063', 22.94456112008616)]"
"[('41', 0.13398467699807004), ('281', 0.14305761148144694), ('872', 0.12673069385670357), ('1783', 0.13709147822430637), ('2063', 0.143672329647305)]"
4,X2,13
"[('41', 19.205645665278965), ('281', 21.677481393157297), ('872', 19.925654238852463), ('1783', 21.188002384523671), ('2063', 24.713091895218678)]"
"[('41', 0.14437559914363887), ('281', 0.14248209681592347), ('872', 0.14320929958995754), ('1783', 0.14097041064437152), ('2063', 0.15651030514722877)]"
4,X2,14
"[('41', 17.955142182859092), ('281', 20.628108816428373), ('872', 18.781101938262744), ('1783', 19.811807886282462), ('2063', 23.216089106689285)]"
"[('41', 0.12813784845053242), ('281', 0.13495057931258231), ('872', 0.13163207010023301), ('1783', 0.13457002582348745), ('2063', 0.1447092730621346)]"
4,X2,15
"[('41', 14.942515636357109), ('281', 16.531000933438644), ('872', 15.533665969685821), ('1783', 16.137167625389246), ('2063', 18.818921878365764)]"
"[('41', 0.12513368482850301), ('281', 0.12599800879133577), ('872', 0.12177420371907935), ('1783', 0.1226775737548257), ('2063', 0.13250854320098962)]"
4,X2,16
"[('41', 11.024223839160966), ('281', 11.954562779048242), ('872', 10.997758986735379), ('1783', 11.366204850431421), ('2063', 13.350693310102001)]"
"[('41', 0.10702163738512735), ('281', 0.11250681434629023), ('872', 0.1059310874709592), ('1783', 0.10253412324443936), ('2063', 0.11736797150183541)]"
4,X2,17
"[('41', 6.8140735239509844), ('281', 7.351636924105402), ('872', 7.1148615404610061), ('1783', 6.8646862235425177), ('2063', 8.0507487907006965)]"
"[('41', 0.092971497660850791), ('281', 0.089355934929261402), ('872', 0.094893426195032118), ('1783', 0.084244289410823292), ('2063', 0.091670831600800237)]"
4,X2,18
"[('41', 4.0551985928890648), ('281', 3.847974367719122), ('872', 3.7623462052750134), ('1783', 3.835608202090905), ('2063', 4.4004307830379181)]"
"[('41', 0.075105335811603557), ('281', 0.062201779822381134), ('872', 0.066914356990820295), ('1783', 0.07362009934681725), ('2063', 0.073243867404158738)]"
4,X2,19
"[('41', 1.9996679678736484), ('281', 1.8791218654077437), ('872', 1.8576697356377538), ('1783', 1.8058005868786848), ('2063', 2.0350866170002693)]"
"[('41', 0.051498343313136963), ('281', 0.048748777800493873), ('872', 0.056501980475252581), ('1783', 0.053473759211884436), ('2063', 0.051551992745568279)]"
4,X2,20
"[('41', 0.96589784115184885), ('281', 0.88803578407955874), ('872', 0.75113554449684306), ('1783', 0.80017368649587495), ('2063', 0.92763089323559045)]"
"[('41', 0.042139333957220013), ('281', 0.047844263910215616), ('872', 0.034967553097492735), ('1783', 0.045528528325346374), ('2063', 0.054540486597499604)]"
4,X2,21
"[('41', 0.48298460910086699), ('281', 0.3619356216401905), ('872', 0.36369628384964586), ('1783', 0.38128788511700873), ('2063', 0.4564385850895924)]"
"[('41', 0.037933217632747186), ('281', 0.03255975651467681), ('872', 0.030072950069946265), ('1783', 0.037509142611662785), ('2063', 0.04710866960667727)]"
4,X2,22
"[('41', 0.25963747307968416), ('281', 0.2317779153989068), ('872', 0.15788198557122859), ('1783', 0.28707824838478102), ('2063', 0.21243044336743852)]"
"[('41', 0.038300973569203825), ('281', 0.035315614180829333), ('872', 0.022606019835680245), ('1783', 0.051943214170529786), ('2063', 0.033360830715997915)]"
4,X2,23
"[('41', 0.17014536970567121), ('281', 0.18994283047485708), ('872', 0.18549892318736541), ('1783', 0.18296108184746812), ('2063', 0.12048787492595717)]"
"[('41', 0.037584922688886378), ('281', 0.035082451092252581), ('872', 0.036517526568926928), ('1783', 0.043754259708681499), ('2063', 0.024365814127778551)]"
4,X2,24
"[('41', 0.14965766638849257), ('281', 0.20441061635536248), ('872', 0.1075197415649677), ('1783', 0.19725589784545805), ('2063', 0.079998922936076258)]"
"[('41', 0.037235005400380855), ('281', 0.053318644304357753), ('872', 0.035531576044018742), ('1783', 0.052987333455994025), ('2063', 0.025437565389189593)]"
4,X2,25
"[('41', 0.17822397980023022), ('281', 0.13872923611175592), ('872', 0.16895053475935828), ('1783', 0.11049739143350476), ('2063', 0.20189959798341797)]"
"[('41', 0.04165677863398104), ('281', 0.041134068052007956), ('872', 0.039280525660091402), ('1783', 0.032695370989702328), ('2063', 0.049773917198474731)]"
Scan_5
5,I1X,1
"[('41', 0.23258959643846769), ('281', 0.24328193543302951), ('872', 0.24964048145934978), ('1783', 0.21016414970453054), ('2063', 0.27749210289549553)]"
"[('41', 0.025182693774891993), ('281', 0.031719771824248948), ('872', 0.033983462486834037), ('1783', 0.027569428823862277), ('2063', 0.037068571939647403)]"
5,I1X,2
"[('41', 0.50158157565315709), ('281', 0.40019520732364028), ('872', 0.33242473802168515), ('1783', 0.3939873204743381), ('2063', 0.46342793290072432)]"
"[('41', 0.031889189060833434), ('281', 0.034067198696239892), ('872', 0.024524123015728285), ('1783', 0.03663349361567201), ('2063', 0.038944210421256426)]"
5,I1X,3
"[('41', 0.99523511478123927), ('281', 0.87545940415449441), ('872', 0.77953222278310619), ('1783', 0.82147904860615684), ('2063', 0.91082763959476287)]"
"[('41', 0.039030527511926982), ('281', 0.035594715350310592), ('872', 0.030159680211911694), ('1783', 0.037189474764138607), ('2063', 0.034330840517519577)]"
5,I1X,4
"[('41', 1.9251364612288577), ('281', 1.8896480233708712), ('872', 1.84721044484824), ('1783', 1.6598219153189169), ('2063', 1.9918954758715393)]"
"[('41', 0.041793301484911081), ('281', 0.044834092645963025), ('872', 0.04531573522754756), ('1783', 0.039748741249103839), ('2063', 0.045276392516589985)]"
5,I1X,5
"[('41', 3.864559287699628), ('281', 3.8575736566124355), ('872', 3.7439362532640592), ('1783', 3.6552348392567517), ('2063', 4.2958572313326329)]"
"[('41', 0.057523431318432836), ('281', 0.061927177695585756), ('872', 0.057684842378890301), ('1783', 0.051081805119135994), ('2063', 0.057110100725302836)]"
5,I1X,6
"[('41', 6.814282157062002), ('281', 7.2510366461132501), ('872', 6.9826905087186804), ('1783', 6.8375768099555128), ('2063', 8.1096279542532503)]"
"[('41', 0.073161955107252541), ('281', 0.076123455603978582), ('872', 0.075794760636181499), ('1783', 0.07028347924208582), ('2063', 0.078941867387287451)]"
5,I1X,7
"[('41', 10.506108026249368), ('281', 11.835529858381348), ('872', 10.999010693927545), ('1783', 11.197291822299393), ('2063', 13.484258567418566)]"
"[('41', 0.085555826796797546), ('281', 0.095203413370299472), ('872', 0.090614358858653862), ('1783', 0.087238801567998514), ('2063', 0.10365854406891796)]"
5,I1X,8
"[('41', 14.635924880162847), ('281', 16.701366588519605), ('872', 15.256353010703263), ('1783', 15.869435890027775), ('2063', 18.753810690291523)]"
"[('41', 0.099732575521203515), ('281', 0.10432769882218539), ('872', 0.10190261162675344), ('1783', 0.10226786412904811), ('2063', 0.11195401968241758)]"
5,I1X,9
"[('41', 17.993599924625823), ('281', 20.549173375696707), ('872', 18.848515237992679), ('1783', 19.880424248950145), ('2063', 23.089807622406806)]"
"[('41', 0.11049591005675205), ('281', 0.1192333301210716), ('872', 0.11404215020398271), ('1783', 0.11404091036915773), ('2063', 0.12332510009059294)]"
5,I1X,10
"[('41', 19.089816152330926), ('281', 21.845706254761343), ('872', 19.710082405857055), ('1783', 20.977328089400736), ('2063', 24.654627124431954)]"
"[('41', 0.11212978195879461), ('281', 0.11938457349607784), ('872', 0.11507252461355974), ('1783', 0.1167665870290072), ('2063', 0.1261975335967532)]"
5,I1X,11
"[('41', 18.17775758799381), ('281', 20.573274904582078), ('872', 19.13754534258468), ('1783', 19.778242931274693), ('2063', 23.449087567902314)]"
"[('41', 0.11012403158576214), ('281', 0.12177971992976826), ('872', 0.11472588826608547), ('1783', 0.11730683723364384), ('2063', 0.12614370537966507)]"
5,I1X,12
"[('41', 14.853147036808446), ('281', 16.795343950090299), ('872', 15.42801050558109), ('1783', 16.201948836476337), ('2063', 18.847337969803835)]"
"[('41', 0.10417423163123495), ('281', 0.10489157083145427), ('872', 0.10128396300642548), ('1783', 0.10277355314490673), ('2063', 0.11050201731798233)]"
5,I1X,13
"[('41', 10.870444526701888), ('281', 11.993107069292801), ('872', 11.063821195663147), ('1783', 11.569788336642326), ('2063', 13.6697564521992)]"
"[('41', 0.086556190732471741), ('281', 0.092895705200950238), ('872', 0.088301264786026165), ('1783', 0.088448536025235086), ('2063', 0.10088467087304012)]"
5,I1X,14
"[('41', 7.0681903838905935), ('281', 7.5540043887400543), ('872', 7.1357970682855258), ('1783', 7.074526009732196), ('2063', 8.4756615573102838)]"
"[('41', 0.072492408692735211), ('281', 0.075555767944846891), ('872', 0.074119854608921495), ('1783', 0.075403144937496988), ('2063', 0.075943833568813721)]"
5,I1X,15
"[('41', 4.1616337683139397), ('281', 4.2199357822250043), ('872', 3.9598801992192758), ('1783', 3.9249639929466555), ('2063', 4.646255023256753)]"
"[('41', 0.061556919384022725), ('281', 0.061011851995523364), ('872', 0.061493272255092865), ('1783', 0.055994947233858665), ('2063', 0.06752385173993071)]"
5,I1X,16
"[('41', 2.0642074020231389), ('281', 1.9506125471190092), ('872', 1.8162232377824292), ('1783', 1.7591159328604309), ('2063', 2.0552429288781786)]"
"[('41', 0.059283196932078924), ('281', 0.054434645307745264), ('872', 0.04130592756838819), ('1783', 0.049791285375491517), ('2063', 0.05029398859321)]"
5,I1X,17
"[('41', 0.97580369806166933), ('281', 0.86510271633478697), ('872', 0.81719215768670139), ('1783', 0.77477069340214177), ('2063', 0.89264957938493661)]"
"[('41', 0.035212833609455929), ('281', 0.034392693989263257), ('872', 0.037474781897047144), ('1783', 0.028135738051639773), ('2063', 0.038293899578610575)]"
5,I1X,18
"[('41', 0.50339536292357911), ('281', 0.35771695522227309), ('872', 0.4336335002422872), ('1783', 0.39467237387605664), ('2063', 0.42219484776886984)]"
"[('41', 0.035259164571211414), ('281', 0.024716570649754892), ('872', 0.036098684496096017), ('1783', 0.035612650631483424), ('2063', 0.031795803429015806)]"
5,I1X,19
"[('41', 0.29559690614699741), ('281', 0.21847376370920077), ('872', 0.23208845466960815), ('1783', 0.22422861495426519), ('2063', 0.14845314788182062)]"
"[('41', 0.035559523677451729), ('281', 0.029550490658436512), ('872', 0.038071555242095233), ('1783', 0.032659822606974073), ('2063', 0.014872059590834551)]"
Scan_6
6,I1Y,1
"[('41', 0.24269119982771153), ('281', 0.19132050324118016), ('872', 0.18227890698613541), ('1783', 0.13775465564701211), ('2063', 0.15897387569921714)]"
"[('41', 0.030684211198147914), ('281', 0.028150574417353354), ('872', 0.026364712545727718), ('1783', 0.027316815603528801), ('2063', 0.028909294673235532)]"
6,I1Y,2
"[('41', 0.4383610507258569), ('281', 0.27826953238063823), ('872', 0.26855516071717006), ('1783', 0.25673347421695181), ('2063', 0.30317634467950488)]"
"[('41', 0.03573966029099572), ('281', 0.028474136123637868), ('872', 0.028726350733422841), ('1783', 0.026556002232424058), ('2063', 0.030552804465193751)]"
6,I1Y,3
"[('41', 0.86301082046433453), ('281', 0.66423899338026693), ('872', 0.62923760809470963), ('1783', 0.57819989231920788), ('2063', 0.70989052844487344)]"
"[('41', 0.034617905827430198), ('281', 0.038829860017289927), ('872', 0.037982576450014231), ('1783', 0.035926582894161625), ('2063', 0.043666141658912749)]"
6,I1Y,4
"[('41', 1.8074531235277489), ('281', 1.437965293951347), ('872', 1.3669942118723919), ('1783', 1.2953531410881927), ('2063', 1.5196620893914916)]"
"[('41', 0.041443132429492602), ('281', 0.04109071885172369), ('872', 0.047360856439325374), ('1783', 0.038360965535074246), ('2063', 0.035659637416395301)]"
6,I1Y,5
"[('41', 3.7077281680892975), ('281', 3.123170179090951), ('872', 2.9635249776750539), ('1783', 2.9685072460913133), ('2063', 3.6198932181016987)]"
"[('41', 0.052372277294474641), ('281', 0.055324005479726601), ('872', 0.050795312106632684), ('1783', 0.051837841811135564), ('2063', 0.058157304496136396)]"
6,I1Y,6
"[('41', 6.6372898202600847), ('281', 6.182201049433858), ('872', 5.8846475091289374), ('1783', 5.8670306762017841), ('2063', 7.1970686512758197)]"
"[('41', 0.072226042673120258), ('281', 0.07057393784971927), ('872', 0.071310472954219203), ('1783', 0.065305573335977904), ('2063', 0.075397853641971699)]"
6,I1Y,7
"[('41', 10.584615048819172), ('281', 10.768821547351338), ('872', 10.085283331878111), ('1783', 10.498206529252126), ('2063', 12.29992140653199)]"
"[('41', 0.08900882913255663), ('281', 0.095848037615480275), ('872', 0.08873611737610726), ('1783', 0.088031896350480213), ('2063', 0.10283745491034336)]"
6,I1Y,8
"[('41', 14.833218284483591), ('281', 16.052747131356927), ('872', 14.741611502647183), ('1783', 15.382828624481428), ('2063', 18.249632365632227)]"
"[('41', 0.10042098285119005), ('281', 0.10402256159100658), ('872', 0.10215831733756629), ('1783', 0.10395731298635993), ('2063', 0.11606498840998419)]"
6,I1Y,9
"[('41', 17.807602573306092), ('281', 20.337556354899512), ('872', 18.640448662640207), ('1783', 19.418875635078418), ('2063', 22.788121491649001)]"
"[('41', 0.10988888204198231), ('281', 0.1190583273758975), ('872', 0.11264063077493017), ('1783', 0.11608837277686221), ('2063', 0.12551256852513745)]"
6,I1Y,10
"[('41', 19.142358208532283), ('281', 21.906149027832889), ('872', 19.91313403230377), ('1783', 21.249373042973122), ('2063', 24.785738578392472)]"
"[('41', 0.11739291465453433), ('281', 0.12464318545755927), ('872', 0.11819443413796185), ('1783', 0.12152811644748575), ('2063', 0.13270133602245404)]"
6,I1Y,11
"[('41', 18.335036103325923), ('281', 20.649001684570987), ('872', 18.747563366281959), ('1783', 19.838504814827598), ('2063', 23.327094480306535)]"
"[('41', 0.11556157816338535), ('281', 0.11952010492909397), ('872', 0.11194703410249687), ('1783', 0.11692400736713825), ('2063', 0.12755186884341821)]"
6,I1Y,12
"[('41', 15.219417682062907), ('281', 16.711113472916001), ('872', 15.344448695060784), ('1783', 15.847285684936844), ('2063', 18.905944207072963)]"
"[('41', 0.10830121572671111), ('281', 0.11775841683763426), ('872', 0.10700711042505288), ('1783', 0.10641452507419268), ('2063', 0.11710647233878012)]"
6,I1Y,13
"[('41', 11.034969524190821), ('281', 11.301109492477959), ('872', 10.696314550587781), ('1783', 10.943120633956429), ('2063', 12.996264947115517)]"
"[('41', 0.090905351503087303), ('281', 0.091948197335158327), ('872', 0.091905912013173718), ('1783', 0.089090659098297997), ('2063', 0.097870398033985978)]"
6,I1Y,14
"[('41', 7.0964976462305174), ('281', 6.8008229429877245), ('872', 6.2928991019472766), ('1783', 6.2714747218157223), ('2063', 7.7995153406423459)]"
"[('41', 0.077934993337067979), ('281', 0.07860156934194136), ('872', 0.067396816595936174), ('1783', 0.068062295697687), ('2063', 0.083081424264124557)]"
6,I1Y,15
"[('41', 3.9119240724762725), ('281', 3.3818058796724615), ('872', 3.3638635390923777), ('1783', 3.3443615354349734), ('2063', 4.0221481189978112)]"
"[('41', 0.053750907881210258), ('281', 0.053037124759870449), ('872', 0.053735505723221944), ('1783', 0.063477850939546193), ('2063', 0.066692755079888671)]"
6,I1Y,16
"[('41', 1.9400440385717146), ('281', 1.537627727147197), ('872', 1.4995478611415989), ('1783', 1.4556913094498516), ('2063', 1.8542391604529136)]"
"[('41', 0.041136148192548135), ('281', 0.038761864901690812), ('872', 0.05203952430955331), ('1783', 0.040039889953322777), ('2063', 0.051472519929887203)]"
6,I1Y,17
"[('41', 0.9460216879611798), ('281', 0.71884708318950641), ('872', 0.65813723933706536), ('1783', 0.63514810136193889), ('2063', 0.81384752397324112)]"
"[('41', 0.033327191512361083), ('281', 0.045595534920235686), ('872', 0.03809057646898828), ('1783', 0.033064514845583495), ('2063', 0.042039237798801088)]"
6,I1Y,18
"[('41', 0.44152751220118319), ('281', 0.37692705996064757), ('872', 0.31608592412612513), ('1783', 0.3202703262415264), ('2063', 0.37647229394788806)]"
"[('41', 0.028465031472757051), ('281', 0.04583223427310229), ('872', 0.037011912055847876), ('1783', 0.04083898172152553), ('2063', 0.042229551184238955)]"
6,I1Y,19
"[('41', 0.21405092166225081), ('281', 0.20936313134176068), ('872', 0.19016953235142009), ('1783', 0.17283128475789025), ('2063', 0.20133491104135814)]"
"[('41', 0.026542248386986513), ('281', 0.031713196976602749), ('872', 0.031309900796236516), ('1783', 0.033383983292952904), ('2063', 0.030598327476769081)]"
Scan_7
7,I2X,1
"[('41', 0.25404319305549172), ('281', 0.23703134543018697), ('872', 0.19379534486720726), ('1783', 0.21180881590092782), ('2063', 0.22390274977506616)]"
"[('41', 0.030622908539223694), ('281', 0.032824529078420726), ('872', 0.031081399474642842), ('1783', 0.030218032733499926), ('2063', 0.025611594750845554)]"
7,I2X,2
"[('41', 0.49098850512827413), ('281', 0.38404528870878712), ('872', 0.34506639386740073), ('1783', 0.35536517080787144), ('2063', 0.42467099727373697)]"
"[('41', 0.03387896225870015), ('281', 0.029184724479583965), ('872', 0.029016403179620693), ('1783', 0.026053537547960005), ('2063', 0.036325959110634756)]"
7,I2X,3
"[('41', 1.0238516673957667), ('281', 0.93336519561646791), ('872', 0.84545546320288045), ('1783', 0.76715841330946388), ('2063', 0.91852958796960094)]"
"[('41', 0.041683275317930153), ('281', 0.047901963179313646), ('872', 0.034466312427701477), ('1783', 0.0337664375211447), ('2063', 0.034915868784817734)]"
7,I2X,4
"[('41', 1.9865334140924693), ('281', 1.9011227937909774), ('872', 1.8866611477914403), ('1783', 1.7894697877266426), ('2063', 1.9971459343026388)]"
"[('41', 0.04421773394174059), ('281', 0.048476347150962724), ('872', 0.054723942077048469), ('1783', 0.04192301551198039), ('2063', 0.042903318732441319)]"
7,I2X,5
"[('41', 3.9547338950655502), ('281', 3.968233773577285), ('872', 3.7312069673372417), ('1783', 3.7571792956315155), ('2063', 4.4749387436387629)]"
"[('41', 0.058191442356547773), ('281', 0.062517363936702181), ('872', 0.05810442038066569), ('1783', 0.058719168577544181), ('2063', 0.06153975063486495)]"
7,I2X,6
"[('41', 6.7635439800794135), ('281', 7.3283611225169798), ('872', 6.7852782619815191), ('1783', 7.0140718059154077), ('2063', 8.1700895952395385)]"
"[('41', 0.081329202831384076), ('281', 0.07631235293517355), ('872', 0.073067376282561228), ('1783', 0.074460004535891355), ('2063', 0.074820674925132807)]"
7,I2X,7
"[('41', 10.840623727316027), ('281', 11.915445212336286), ('872', 10.994601945232523), ('1783', 11.294105059708704), ('2063', 13.411696883500642)]"
"[('41', 0.093774001104961133), ('281', 0.094291350084241457), ('872', 0.086688166711487047), ('1783', 0.091676133714808067), ('2063', 0.098467556865385622)]"
7,I2X,8
"[('41', 14.844190632592762), ('281', 16.840155630498732), ('872', 15.296704110271303), ('1783', 16.022196198783181), ('2063', 18.760432163171888)]"
"[('41', 0.10164182588717634), ('281', 0.11247147727823574), ('872', 0.10434127984308331), ('1783', 0.10678848619900332), ('2063', 0.11138636987131273)]"
7,I2X,9
"[('41', 18.143992068650817), ('281', 20.326015288431229), ('872', 18.857152237865098), ('1783', 19.722668329995731), ('2063', 22.989065403988992)]"
"[('41', 0.1099747728894224), ('281', 0.11712099491243924), ('872', 0.11393442717325025), ('1783', 0.11489664673680974), ('2063', 0.1205195049062083)]"
7,I2X,10
"[('41', 19.4024537978006), ('281', 21.791365453737733), ('872', 20.35443813267284), ('1783', 21.181825523409582), ('2063', 24.628084653805249)]"
"[('41', 0.11660440510673434), ('281', 0.12049845447418589), ('872', 0.1193759713036842), ('1783', 0.12357554188424896), ('2063', 0.12779203851157572)]"
7,I2X,11
"[('41', 18.476257698520044), ('281', 20.780915479083209), ('872', 19.288602325627203), ('1783', 20.025770488358962), ('2063', 23.518768551840079)]"
"[('41', 0.11102533001951216), ('281', 0.11895279935383166), ('872', 0.11547932556671404), ('1783', 0.11809445302227251), ('2063', 0.12298088594884082)]"
7,I2X,12
"[('41', 15.354485776805252), ('281', 16.975200392154154), ('872', 15.667186669519779), ('1783', 16.332958302560101), ('2063', 19.324321525471703)]"
"[('41', 0.1104393864381541), ('281', 0.10858560136870979), ('872', 0.10577239599028446), ('1783', 0.11046249635060985), ('2063', 0.11982605074210868)]"
7,I2X,13
"[('41', 11.185885975024679), ('281', 12.32848237154041), ('872', 11.560105197037364), ('1783', 11.846149067465522), ('2063', 13.901177802631761)]"
"[('41', 0.093720495044425658), ('281', 0.095171199252281374), ('872', 0.092625205950506773), ('1783', 0.094059689340726005), ('2063', 0.10104918329271666)]"
7,I2X,14
"[('41', 7.2701406097922954), ('281', 7.6213824146691707), ('872', 7.1662674554252463), ('1783', 7.36533377509957), ('2063', 8.6440909655772344)]"
"[('41', 0.079680661961897992), ('281', 0.076400310114392855), ('872', 0.074831323487366971), ('1783', 0.075389782851144713), ('2063', 0.085284424239144493)]"
7,I2X,15
"[('41', 4.1841963583152726), ('281', 4.1733661055800271), ('872', 3.8685493000524613), ('1783', 3.9392360152410402), ('2063', 4.62130606495802)]"
"[('41', 0.063864455577358356), ('281', 0.065886232370525044), ('872', 0.05530809111763603), ('1783', 0.053467405945903081), ('2063', 0.062939583716550451)]"
7,I2X,16
"[('41', 2.1521917769402963), ('281', 2.0827410771857973), ('872', 1.9655856391946842), ('1783', 1.8954881305743088), ('2063', 2.2707097761622346)]"
"[('41', 0.057158367265066026), ('281', 0.04867713879969586), ('872', 0.04480500482885471), ('1783', 0.045309824075326542), ('2063', 0.057296782380503064)]"
7,I2X,17
"[('41', 1.0455439667014101), ('281', 0.99439392997935694), ('872', 0.88907066481669395), ('1783', 0.79964933110598757), ('2063', 1.0692869027318481)]"
"[('41', 0.043741888156166017), ('281', 0.041036769108197181), ('872', 0.039237170120751091), ('1783', 0.032762762728101517), ('2063', 0.0391806512268673)]"
7,I2X,18
"[('41', 0.44435087525539785), ('281', 0.49050689717071017), ('872', 0.39041563982024147), ('1783', 0.42483605991578655), ('2063', 0.46653319065207638)]"
"[('41', 0.025183531650554425), ('281', 0.047449403802751401), ('872', 0.032247293164661933), ('1783', 0.031888551630638494), ('2063', 0.032158645459907181)]"
7,I2X,19
"[('41', 0.2766165994809211), ('281', 0.23619405303527169), ('872', 0.21875388289867878), ('1783', 0.1829031745922178), ('2063', 0.21573758267857882)]"
"[('41', 0.037192037784013837), ('281', 0.03184464846399658), ('872', 0.026515425505715066), ('1783', 0.024874934524112626), ('2063', 0.023254148078429408)]"
Scan_8
8,I2Y,1
"[('41', 0.22911310621458281), ('281', 0.1726454531379373), ('872', 0.17726520117921035), ('1783', 0.20869395501595037), ('2063', 0.20960586987984248)]"
"[('41', 0.026067951109228295), ('281', 0.025740692583391418), ('872', 0.025480777777083376), ('1783', 0.037843200712806863), ('2063', 0.02621070845903694)]"
8,I2Y,2
"[('41', 0.4155178032503507), ('281', 0.30510600306105096), ('872', 0.30411680941956598), ('1783', 0.36118707227567054), ('2063', 0.34184085594841634)]"
"[('41', 0.037207925458992493), ('281', 0.033215669304234779), ('872', 0.032296413039761211), ('1783', 0.04705261342596246), ('2063', 0.029312356960901259)]"
8,I2Y,3
"[('41', 0.9415122023448963), ('281', 0.738765179460944), ('872', 0.60483100240944399), ('1783', 0.61991102496281492), ('2063', 0.73903473344103388)]"
"[('41', 0.041288259490146931), ('281', 0.039931816437497401), ('872', 0.029008231162350625), ('1783', 0.036764927010666158), ('2063', 0.032445603396658876)]"
8,I2Y,4
"[('41', 2.0235337662774655), ('281', 1.5905370293084182), ('872', 1.4726813837663211), ('1783', 1.405813194430424), ('2063', 1.7465620182955151)]"
"[('41', 0.04657310586657485), ('281', 0.04321101630853607), ('872', 0.044041946755927174), ('1783', 0.03960589527350597), ('2063', 0.044802451483817285)]"
8,I2Y,5
"[('41', 3.8580273663199915), ('281', 3.3130450772302198), ('872', 3.121390395398616), ('1783', 3.2089563019140486), ('2063', 3.8431591459850658)]"
"[('41', 0.051967425367312942), ('281', 0.051534177189624948), ('872', 0.054667872300780206), ('1783', 0.051201241543583333), ('2063', 0.056714898837018198)]"
8,I2Y,6
"[('41', 6.9185729572573642), ('281', 6.4890480485736211), ('872', 6.185242768108334), ('1783', 6.2801025627220843), ('2063', 7.4741341590656658)]"
"[('41', 0.078318074445207858), ('281', 0.068086218699121459), ('872', 0.065239843613626058), ('1783', 0.069997394693153386), ('2063', 0.072763607643481498)]"
8,I2Y,7
"[('41', 10.972759612104673), ('281', 11.228270632715727), ('872', 10.518089483247127), ('1783', 10.722602382129159), ('2063', 12.715027746638723)]"
"[('41', 0.093127435192905089), ('281', 0.092542563934856423), ('872', 0.08520955029943636), ('1783', 0.087520501416595425), ('2063', 0.096103677355312916)]"
8,I2Y,8
"[('41', 15.143296955138162), ('281', 16.306962069013132), ('872', 15.302605874434819), ('1783', 15.727541934147856), ('2063', 18.787372708757637)]"
"[('41', 0.1088887914381562), ('281', 0.10603585023992111), ('872', 0.10532802762818545), ('1783', 0.10329928661149877), ('2063', 0.11416504715876144)]"
8,I2Y,9
"[('41', 18.29353210391708), ('281', 20.661642950418006), ('872', 18.856443807254543), ('1783', 19.827997442541307), ('2063', 23.215970974104216)]"
"[('41', 0.11264153567778791), ('281', 0.12001613002660659), ('872', 0.11120627244294205), ('1783', 0.11423184860109244), ('2063', 0.12544240058860254)]"
8,I2Y,10
"[('41', 19.320081570020999), ('281', 22.409175966936363), ('872', 20.259301136057719), ('1783', 21.223368599580034), ('2063', 24.973438162615526)]"
"[('41', 0.11819617048220245), ('281', 0.12221899334243051), ('872', 0.11957873875667795), ('1783', 0.12337439193692505), ('2063', 0.12886002119009993)]"
8,I2Y,11
"[('41', 18.09479220702471), ('281', 20.569585090035069), ('872', 18.661818874217843), ('1783', 19.824359816152331), ('2063', 23.091662507552076)]"
"[('41', 0.10721332027437513), ('281', 0.11481867872571426), ('872', 0.10909559421983907), ('1783', 0.11509941263731248), ('2063', 0.1241436681449752)]"
8,I2Y,12
"[('41', 15.009051692229004), ('281', 16.132373926388627), ('872', 15.110437334266599), ('1783', 15.604095999569267), ('2063', 18.399001016485922)]"
"[('41', 0.10266903493754434), ('281', 0.1062721870867164), ('872', 0.10127963123139179), ('1783', 0.10331610373541214), ('2063', 0.11243691859060433)]"
8,I2Y,13
"[('41', 10.725657486021952), ('281', 11.008485518003246), ('872', 10.381103264508736), ('1783', 10.631157159423491), ('2063', 12.554210046670901)]"
"[('41', 0.095801896309206949), ('281', 0.090835760835826035), ('872', 0.089072130027200047), ('1783', 0.09100212205834432), ('2063', 0.097797965917915328)]"
8,I2Y,14
"[('41', 6.6135023951186511), ('281', 6.4178713944465153), ('872', 6.1051690697883094), ('1783', 6.108801888485484), ('2063', 7.1872644179656762)]"
"[('41', 0.071786523363858754), ('281', 0.072139697938211567), ('872', 0.066211061294100759), ('1783', 0.073126092874541249), ('2063', 0.075666771880851941)]"
8,I2Y,15
"[('41', 3.7171552622678106), ('281', 3.1866304880658949), ('872', 3.0626984565259407), ('1783', 3.0269826259223724), ('2063', 3.7403068128469248)]"
"[('41', 0.058979141970447319), ('281', 0.055236895644493869), ('872', 0.052567034706793823), ('1783', 0.058862840755042063), ('2063', 0.058704132798802572)]"
8,I2Y,16
"[('41', 1.8366623330575582), ('281', 1.425866699940239), ('872', 1.3838481338481339), ('1783', 1.2434469716867154), ('2063', 1.6551325579715379)]"
"[('41', 0.046904308822938529), ('281', 0.039391458298070281), ('872', 0.041289582031504929), ('1783', 0.032014068812228888), ('2063', 0.046513411656384333)]"
8,I2Y,17
"[('41', 0.88401564045790737), ('281', 0.53666843922698415), ('872', 0.55421094785868608), ('1783', 0.61256562121416069), ('2063', 0.74594434496964146)]"
"[('41', 0.039138889187292442), ('281', 0.025670977826659554), ('872', 0.025537820980189457), ('1783', 0.034581465096104311), ('2063', 0.037310195192459289)]"
8,I2Y,18
"[('41', 0.44122753886533417), ('281', 0.34274635988502422), ('872', 0.2184959349593496), ('1783', 0.29379382747621036), ('2063', 0.3713424115346558)]"
"[('41', 0.036799600859959071), ('281', 0.040200845417134395), ('872', 0.021372166070501988), ('1783', 0.037141127125867618), ('2063', 0.045567315230138822)]"
8,I2Y,19
"[('41', 0.17274986195472114), ('281', 0.14427153095182205), ('872', 0.14777002353883217), ('1783', 0.14891766524932354), ('2063', 0.25868675222821319)]"
"[('41', 0.022505617129823297), ('281', 0.020691662331132201), ('872', 0.026663942941964596), ('1783', 0.023228945578809387), ('2063', 0.043810697983687634)]"
Scan_9
9,X3,1
"[('41', 0.10636407688580198), ('281', 0.082706564468936802), ('872', 0.19482430637809123), ('1783', 0.074995962170019567), ('2063', 0.11205952573285224)]"
"[('41', 0.035058870023124633), ('281', 0.024446537274967782), ('872', 0.044605778383536333), ('1783', 0.021583625570027347), ('2063', 0.023477474929855462)]"
9,X3,2
"[('41', 0.19810195957770044), ('281', 0.18603711895374556), ('872', 0.090418729868756306), ('1783', 0.096077300259590423), ('2063', 0.14985094720646217)]"
"[('41', 0.038492027745464008), ('281', 0.054611406301059463), ('872', 0.02233397600092453), ('1783', 0.029300787626868625), ('2063', 0.035574763602403699)]"
9,X3,3
"[('41', 0.18452979181622398), ('281', 0.26884586732724808), ('872', 0.23667561091617234), ('1783', 0.11529660902883088), ('2063', 0.17522729108516347)]"
"[('41', 0.046108368495719615), ('281', 0.063140329033697887), ('872', 0.054031002352946285), ('1783', 0.027293128407057173), ('2063', 0.036077681019383183)]"
9,X3,4
"[('41', 0.23345519594987713), ('281', 0.23381857346350277), ('872', 0.2237158612305154), ('1783', 0.27749504984889012), ('2063', 0.22685740094151163)]"
"[('41', 0.035809183871318401), ('281', 0.041751921031650548), ('872', 0.032775191323984633), ('1783', 0.043263035007048797), ('2063', 0.029003446540122345)]"
9,X3,5
"[('41', 0.42311661506707948), ('281', 0.37952109996230549), ('872', 0.39021895190236899), ('1783', 0.36797853630522953), ('2063', 0.45186913790782213)]"
"[('41', 0.027441586983348778), ('281', 0.029382205425310892), ('872', 0.043331991744915074), ('1783', 0.032549198974182382), ('2063', 0.042297739448068673)]"
9,X3,6
"[('41', 1.0058935507441449), ('281', 0.79533018550395718), ('872', 0.79761366804795741), ('1783', 0.80890115278485519), ('2063', 0.93133059591695433)]"
"[('41', 0.052580288996442008), ('281', 0.03555747071770065), ('872', 0.038964409121411241), ('1783', 0.040410155210835061), ('2063', 0.044536025972758443)]"
9,X3,7
"[('41', 2.0892970916302485), ('281', 1.944812421468318), ('872', 1.9258704235463029), ('1783', 1.8421454082090489), ('2063', 2.2527666831216622)]"
"[('41', 0.062142972109410048), ('281', 0.051650941732098839), ('872', 0.049207081571308937), ('1783', 0.051020287881337036), ('2063', 0.058458806929057104)]"
9,X3,8
"[('41', 3.8594606721407096), ('281', 4.1594833776118332), ('872', 3.7707983739983311), ('1783', 3.6659158822315345), ('2063', 4.3334649697535408)]"
"[('41', 0.06549342603787367), ('281', 0.077578939350258419), ('872', 0.074357000979930421), ('1783', 0.06344292254042054), ('2063', 0.070557985865116885)]"
9,X3,9
"[('41', 6.9939248730235644), ('281', 7.4854517061262591), ('872', 7.1014474546156121), ('1783', 7.1447748604655335), ('2063', 8.3294798725485801)]"
"[('41', 0.096071093569806754), ('281', 0.089927623487074379), ('872', 0.082635744861691535), ('1783', 0.087659548738038329), ('2063', 0.093714371674098115)]"
9,X3,10
"[('41', 11.179975122068953), ('281', 12.070691127864226), ('872', 11.138224891620174), ('1783', 11.479243251271768), ('2063', 13.75303609893783)]"
"[('41', 0.10947467056541051), ('281', 0.11009534504237969), ('872', 0.10892076426448327), ('1783', 0.10427927600481866), ('2063', 0.11274442213055759)]"
9,X3,11
"[('41', 15.220143442228931), ('281', 17.005894740891037), ('872', 15.693808287664648), ('1783', 16.279562345566248), ('2063', 19.236256972494711)]"
"[('41', 0.12365012763568993), ('281', 0.12748207003949427), ('872', 0.12423082836234861), ('1783', 0.1249119290718682), ('2063', 0.13803985779125355)]"
9,X3,12
"[('41', 18.211959691675414), ('281', 20.68782703129628), ('872', 19.088076671123595), ('1783', 19.962007824557624), ('2063', 23.360541408991768)]"
"[('41', 0.12754168644940297), ('281', 0.13775776715990551), ('872', 0.13185747980112458), ('1783', 0.13667123244754564), ('2063', 0.14399787645727141)]"
9,X3,13
"[('41', 19.726287334228566), ('281', 22.102848865282471), ('872', 20.689848584595129), ('1783', 21.320955256367498), ('2063', 25.106328624979149)]"
"[('41', 0.13090781583551883), ('281', 0.13851050395534628), ('872', 0.13207032136704164), ('1783', 0.13713247578921903), ('2063', 0.14508975290610868)]"
9,X3,14
"[('41', 18.535743128463615), ('281', 21.035360101028861), ('872', 19.488605456385123), ('1783', 20.444853930915404), ('2063', 23.826247226065238)]"
"[('41', 0.13066233467800867), ('281', 0.13839103673441466), ('872', 0.13734107414200883), ('1783', 0.14120306801862301), ('2063', 0.14823866559322504)]"
9,X3,15
"[('41', 15.602126861725143), ('281', 17.452707900607738), ('872', 16.233837781709099), ('1783', 16.941831956849889), ('2063', 19.646206365996729)]"
"[('41', 0.12514731366592913), ('281', 0.13203800588380998), ('872', 0.1282248834658955), ('1783', 0.13162688319731045), ('2063', 0.13704049676527447)]"
9,X3,16
"[('41', 11.472159656852629), ('281', 12.775167152793358), ('872', 11.786450107681263), ('1783', 12.099488513998564), ('2063', 14.424935153522354)]"
"[('41', 0.10079036625691415), ('281', 0.11021864747734184), ('872', 0.10938696247437429), ('1783', 0.10504656338439117), ('2063', 0.12003078813548419)]"
9,X3,17
"[('41', 7.2647325394617583), ('281', 7.9542990486447671), ('872', 7.3919687724335965), ('1783', 7.6696011127563155), ('2063', 8.9704992775150103)]"
"[('41', 0.080444312304793597), ('281', 0.085973851250419023), ('872', 0.088528032282751953), ('1783', 0.090156711351876861), ('2063', 0.094803765125312356)]"
9,X3,18
"[('41', 4.2828696354471276), ('281', 4.5416960671445015), ('872', 4.212557202662186), ('1783', 4.2855936058223403), ('2063', 4.9821632512836702)]"
"[('41', 0.06593214820007734), ('281', 0.080808786154003373), ('872', 0.070057666197761631), ('1783', 0.078803502339716044), ('2063', 0.074740726663566057)]"
9,X3,19
"[('41', 2.2426248073816906), ('281', 2.2107721161702445), ('872', 2.010415796362826), ('1783', 2.0498036630988739), ('2063', 2.4393006694335346)]"
"[('41', 0.062272720858414621), ('281', 0.063621369599929464), ('872', 0.050949290399664435), ('1783', 0.063524062112905594), ('2063', 0.060268435893936913)]"
9,X3,20
"[('41', 1.0312990730521083), ('281', 1.016092552370353), ('872', 0.85505698644889172), ('1783', 0.88440312637407015), ('2063', 1.1041690975182874)]"
"[('41', 0.043563052820735769), ('281', 0.050139148847380036), ('872', 0.03916424003608978), ('1783', 0.043807425408289066), ('2063', 0.049637472792288993)]"
9,X3,21
"[('41', 0.48528356066044509), ('281', 0.45312485975604283), ('872', 0.43214285714285716), ('1783', 0.42229241634286635), ('2063', 0.45432597379285589)]"
"[('41', 0.040010979868426826), ('281', 0.039462208695820185), ('872', 0.043932788768206221), ('1783', 0.03859463985673036), ('2063', 0.036791454965328353)]"
9,X3,22
"[('41', 0.27093889716840536), ('281', 0.22649075400755836), ('872', 0.21853425895655854), ('1783', 0.2263470635744779), ('2063', 0.29068895214648405)]"
"[('41', 0.032961407011464106), ('281', 0.029548902818068663), ('872', 0.041762206352967617), ('1783', 0.037992434444021679), ('2063', 0.045194956491524635)]"
9,X3,23
"[('41', 0.1636464909023394), ('281', 0.1700942388932733), ('872', 0.16371619802641962), ('1783', 0.16095731446926234), ('2063', 0.1576098561865768)]"
"[('41', 0.030739645044756885), ('281', 0.04112075495847705), ('872', 0.039206814384864508), ('1783', 0.033474859199511549), ('2063', 0.034452190796573495)]"
9,X3,24
"[('41', 0.1195262024407753), ('281', 0.16904808917769121), ('872', 0.13596876963115859), ('1783', 0.1518664752333094), ('2063', 0.15372602518421455)]"
"[('41', 0.030587534123849999), ('281', 0.040606112742667809), ('872', 0.032624146495595023), ('1783', 0.039231323392560843), ('2063', 0.034119911042552319)]"
9,X3,25
"[('41', 0.17678992848361944), ('281', 0.13113135574204551), ('872', 0.14961322397113988), ('1783', 0.1469645981962579), ('2063', 0.18164111585825585)]"
"[('41', 0.041408286573191615), ('281', 0.030364035730485489), ('872', 0.032367508582203358), ('1783', 0.042323124355714281), ('2063', 0.052213840659844919)]"
Scan_10
10,Y3,1
"[('41', 0.10109533091989233), ('281', 0.11719758232983929), ('872', 0.14674291443477938), ('1783', 0.12195755899225813), ('2063', 0.10960290417521609)]"
"[('41', 0.029170061517069381), ('281', 0.042403918785186644), ('872', 0.037229544856799288), ('1783', 0.037162303580104535), ('2063', 0.028458240704853657)]"
10,Y3,2
"[('41', 0.1188173007896626), ('281', 0.11839885119368157), ('872', 0.10478284278535535), ('1783', 0.2239242607798268), ('2063', 0.19122755055332669)]"
"[('41', 0.0257302860930172), ('281', 0.030320748242090006), ('872', 0.027273203712743235), ('1783', 0.045899793065159157), ('2063', 0.05177838445529194)]"
10,Y3,3
"[('41', 0.19672131147540983), ('281', 0.16809804558748434), ('872', 0.10548840490911454), ('1783', 0.1500459494834164), ('2063', 0.20667211379547271)]"
"[('41', 0.03823852478881945), ('281', 0.034552463113650754), ('872', 0.021777432395545311), ('1783', 0.032930960816154223), ('2063', 0.041474523693033068)]"
10,Y3,4
"[('41', 0.2050826468529586), ('281', 0.19806494462295141), ('872', 0.13226359385797234), ('1783', 0.18606654463228167), ('2063', 0.19306921806562791)]"
"[('41', 0.031916051435496487), ('281', 0.033018382013980753), ('872', 0.023287894195376621), ('1783', 0.037151994352685923), ('2063', 0.035093535179532551)]"
10,Y3,5
"[('41', 0.40788385732141141), ('281', 0.32430041350129818), ('872', 0.25493457422772592), ('1783', 0.28775394437019874), ('2063', 0.36333913511746208)]"
"[('41', 0.035088904482039877), ('281', 0.053331410726110168), ('872', 0.039526961202119119), ('1783', 0.035821326076710909), ('2063', 0.043068678208806603)]"
10,Y3,6
"[('41', 0.89125087027152472), ('281', 0.57015792845404667), ('872', 0.59313962124025255), ('1783', 0.53849581345264841), ('2063', 0.62003268216593632)]"
"[('41', 0.046457117575660609), ('281', 0.036721407752207523), ('872', 0.042285394676813144), ('1783', 0.038623464691630971), ('2063', 0.040060461737889096)]"
10,Y3,7
"[('41', 1.7625475943232953), ('281', 1.5040915428626376), ('872', 1.2670557243394993), ('1783', 1.3050601390264305), ('2063', 1.4808962831177575)]"
"[('41', 0.047230080090765403), ('281', 0.064702584522987119), ('872', 0.043737717950251331), ('1783', 0.050457023348048621), ('2063', 0.048159123956620385)]"
10,Y3,8
"[('41', 3.6644262177393303), ('281', 3.1706890207235752), ('872', 2.9998205296171001), ('1783', 2.9361287833242105), ('2063', 3.6188634201504191)]"
"[('41', 0.062954127677640331), ('281', 0.072490362409859954), ('872', 0.056124724663646985), ('1783', 0.05470930605773229), ('2063', 0.070080800625948111)]"
10,Y3,9
"[('41', 6.7501367769276861), ('281', 6.4728316570257265), ('872', 6.0388249188072036), ('1783', 6.0932363080610283), ('2063', 7.2419073261823081)]"
"[('41', 0.078150221150095428), ('281', 0.087191770432386267), ('872', 0.082030378525723771), ('1783', 0.078301865392450529), ('2063', 0.081742311021944319)]"
10,Y3,10
"[('41', 10.877242258096357), ('281', 10.979868060853565), ('872', 10.483542418205639), ('1783', 10.735880547728863), ('2063', 12.777335966250785)]"
"[('41', 0.099487218059922014), ('281', 0.10047950314328653), ('872', 0.10486166360463794), ('1783', 0.099231298318342737), ('2063', 0.10809260943673187)]"
10,Y3,11
"[('41', 15.084704855792884), ('281', 16.535651947859026), ('872', 15.523791400564384), ('1783', 15.994030709816373), ('2063', 18.840662197545079)]"
"[('41', 0.11953794926014157), ('281', 0.12375825532824326), ('872', 0.11991195292589056), ('1783', 0.11948789553838295), ('2063', 0.13818569088904817)]"
10,Y3,12
"[('41', 18.589598176629995), ('281', 20.803848363009763), ('872', 19.193960604836899), ('1783', 20.046579865940437), ('2063', 23.365357171706293)]"
"[('41', 0.13164407235790368), ('281', 0.13679919263146864), ('872', 0.13236868296142351), ('1783', 0.1326189029963219), ('2063', 0.14396885233579423)]"
10,Y3,13
"[('41', 19.645309816662799), ('281', 22.322835815352619), ('872', 20.641732575841967), ('1783', 21.649818053544244), ('2063', 25.138985348461496)]"
"[('41', 0.13387494671346215), ('281', 0.14235031217493929), ('872', 0.13742617841075369), ('1783', 0.14363446416191902), ('2063', 0.15339924762136734)]"
10,Y3,14
"[('41', 18.608593427499684), ('281', 20.745770621864427), ('872', 19.00591333686279), ('1783', 19.6320007179073), ('2063', 23.124607348638509)]"
"[('41', 0.13118127618635927), ('281', 0.14069275308615661), ('872', 0.12905025375040757), ('1783', 0.13856929913049781), ('2063', 0.14781174450972956)]"
10,Y3,15
"[('41', 14.89543158140328), ('281', 16.118340752441124), ('872', 15.185554428880375), ('1783', 15.683839761652637), ('2063', 18.48826105686387)]"
"[('41', 0.11580735575960857), ('281', 0.12024003106034606), ('872', 0.12080610642408166), ('1783', 0.11863516328157866), ('2063', 0.1321494899748383)]"
10,Y3,16
"[('41', 10.204324542596456), ('281', 10.791889838739145), ('872', 10.189835690455817), ('1783', 10.111587570186909), ('2063', 12.159079106802839)]"
"[('41', 0.10047255014392527), ('281', 0.10155764164181687), ('872', 0.10362252706786781), ('1783', 0.10308991649193527), ('2063', 0.11260396871486639)]"
10,Y3,17
"[('41', 6.488341223428943), ('281', 6.0265090669365549), ('872', 5.8978926847382098), ('1783', 5.7803336210977747), ('2063', 6.8490014205732432)]"
"[('41', 0.082248498859121388), ('281', 0.07873987551819292), ('872', 0.087923655285462116), ('1783', 0.078480010704658182), ('2063', 0.083306781412971403)]"
10,Y3,18
"[('41', 3.702399540551697), ('281', 2.9945254655597937), ('872', 2.893958021124043), ('1783', 2.7869417349401915), ('2063', 3.2582746984491671)]"
"[('41', 0.07195161948396632), ('281', 0.063505591745348339), ('872', 0.061734200496070736), ('1783', 0.060939313441369998), ('2063', 0.057780816719132738)]"
10,Y3,19
"[('41', 1.6604377854517098), ('281', 1.2646190414291285), ('872', 1.2406290032118523), ('1783', 1.200467844942819), ('2063', 1.4258748595675144)]"
"[('41', 0.048740155988542186), ('281', 0.047021128464355293), ('872', 0.040947914132531849), ('1783', 0.048268237054848846), ('2063', 0.046676168835579811)]"
10,Y3,20
"[('41', 0.81681530432366245), ('281', 0.53050925483587974), ('872', 0.51664785062961349), ('1783', 0.50346923711519254), ('2063', 0.62418456781008136)]"
"[('41', 0.046495091164702011), ('281', 0.032514132214046094), ('872', 0.034838837256439686), ('1783', 0.038384832210088128), ('2063', 0.037637954797651467)]"
10,Y3,21
"[('41', 0.41634176228138575), ('281', 0.28351376947503298), ('872', 0.24894409015381475), ('1783', 0.24728477804801069), ('2063', 0.30777229975023906)]"
"[('41', 0.046940513957880216), ('281', 0.041696883747803011), ('872', 0.033813470667283747), ('1783', 0.031707054039168341), ('2063', 0.053558037281157149)]"
10,Y3,22
"[('41', 0.16781378153070289), ('281', 0.20720696463830551), ('872', 0.16188690080938964), ('1783', 0.13896516448608195), ('2063', 0.21450240539958354)]"
"[('41', 0.019112544024978601), ('281', 0.039199129125656332), ('872', 0.030346731144961222), ('1783', 0.030656348710690368), ('2063', 0.042720906299039796)]"
10,Y3,23
"[('41', 0.13730714245929337), ('281', 0.11042096076356006), ('872', 0.13217670593258887), ('1783', 0.11766562392670497), ('2063', 0.10311977715877438)]"
"[('41', 0.032295050953252531), ('281', 0.022420608943149577), ('872', 0.037192471402630309), ('1783', 0.027268291950365498), ('2063', 0.02709584524549059)]"
10,Y3,24
"[('41', 0.16948726691911487), ('281', 0.19321282401091405), ('872', 0.077609181375232178), ('1783', 0.097872416794537023), ('2063', 0.20839578864225899)]"
"[('41', 0.041017171527062114), ('281', 0.047054160593700017), ('872', 0.018026949127414229), ('1783', 0.026327003068079245), ('2063', 0.049501469339697096)]"
10,Y3,25
"[('41', 0.12580648155884183), ('281', 0.1359280992349402), ('872', 0.16217370316735361), ('1783', 0.18457868010879958), ('2063', 0.19663881151346332)]"
"[('41', 0.034421760624452874), ('281', 0.037962696650282457), ('872', 0.038096462854429941), ('1783', 0.057801912587898602), ('2063', 0.045280237845313515)]"
