"ScanNumber, ScanNames, ScanPointNumber, Rates per bx, RateErr per bx"
Scan_1
1,X1,1
"{'995': 8.0985414779906234e-05, '1730': 8.3479864070586002e-05, 'sum': 0.0008305570988271099, '875': 6.3666719842540959e-05, '955': 9.9035822551321384e-05, '1610': 7.4020315038908914e-05, '41': 6.9455630252307921e-05, '1': 7.2945055832790851e-05, '1690': 9.2964717063855816e-05, '915': 7.6118064008859132e-05, '1650': 8.1911669929887954e-05, '81': 8.7297162630980339e-05}"
"{'995': 2.101230924342897e-06, '1730': 2.4457775724231174e-06, 'sum': 1.3770091233061133e-05, '875': 2.0926004492006273e-06, '955': 2.7450023881423606e-06, '1610': 2.3446396131978741e-06, '41': 2.0439575450222205e-06, '1': 2.2819643466487179e-06, '1690': 2.4526321980702437e-06, '915': 1.6921726109230771e-06, '1650': 2.384182465385055e-06, '81': 2.1495880584495901e-06}"
1,X1,2
"{'995': 0.00017048524156906548, '1730': 0.00017547579060489199, 'sum': 0.0018280841082296505, '875': 0.00012673489076479776, '955': 0.00020777076489900297, '1610': 0.00014541932837253588, '41': 0.00014532566318830134, '1': 0.00016206493975395069, '1690': 0.00019168042505340538, '915': 0.00015746000073184923, '1650': 0.00015368247470029688, '81': 0.00019198460344044605}"
"{'995': 2.9630599656070439e-06, '1730': 2.3679814862909749e-06, 'sum': 9.8480225664320447e-06, '875': 1.914076351861728e-06, '955': 3.1243239805239873e-06, '1610': 2.7590615871552324e-06, '41': 2.8586728610376544e-06, '1': 2.5802527100374523e-06, '1690': 3.4110729646315355e-06, '915': 2.1498489049651243e-06, '1650': 2.5779835562389304e-06, '81': 3.4934259358285715e-06}"
1,X1,3
"{'995': 0.00039196680019678616, '1730': 0.00038062425705397292, 'sum': 0.004009823909857207, '875': 0.00028580785308602371, '955': 0.00043142794122643491, '1610': 0.00033247086900734793, '41': 0.00030333236403142411, '1': 0.00037601091187550791, '1690': 0.00042207497366083163, '915': 0.00032766086493480815, '1650': 0.00034315225719991658, '81': 0.00041529484938278245}"
"{'995': 4.3068381170847381e-06, '1730': 4.1470619530732031e-06, 'sum': 1.596450723882088e-05, '875': 3.2113496580753169e-06, '955': 3.6673314179223604e-06, '1610': 4.3662954524664484e-06, '41': 3.19969110135787e-06, '1': 4.2874307076106611e-06, '1690': 4.2489813935363049e-06, '915': 2.7033712574042817e-06, '1650': 2.9203445115736628e-06, '81': 4.1817131280544705e-06}"
1,X1,4
"{'995': 0.00082046753347018043, '1730': 0.00086405919558417638, 'sum': 0.0086593735276868471, '875': 0.0006433438301380528, '955': 0.00091500238876936863, '1610': 0.00073224530359239956, '41': 0.0006709630435675775, '1': 0.00082959903796252449, '1690': 0.00088575906518503637, '915': 0.00071000876242147853, '1650': 0.00072801650170923064, '81': 0.00085990891277201861}"
"{'995': 7.0937985999272938e-06, '1730': 5.6204764743146497e-06, 'sum': 2.0458549055481839e-05, '875': 8.1866545998115313e-06, '955': 6.6947926458803638e-06, '1610': 6.848196057901506e-06, '41': 5.9352030518350962e-06, '1': 6.1249831952262018e-06, '1690': 7.6063901292945631e-06, '915': 4.2338489657457385e-06, '1650': 6.6027809362390149e-06, '81': 7.7427942377598597e-06}"
1,X1,5
"{'995': 0.0016766602976100618, '1730': 0.0017384888426596789, 'sum': 0.017661874623675095, '875': 0.0014123953449980992, '955': 0.001773858050766744, '1610': 0.0015948784666282958, '41': 0.0013785828150024539, '1': 0.0017236263956874609, '1690': 0.0016764950583149727, '915': 0.0014517095528150861, '1650': 0.001492131060283435, '81': 0.0017430486745740239}"
"{'995': 1.1983570126166841e-05, '1730': 1.3801823801755989e-05, 'sum': 7.7724754931001057e-05, '875': 1.2188148615540441e-05, '955': 1.2222129437162666e-05, '1610': 9.9989192410513199e-06, '41': 9.9669588487385647e-06, '1': 1.3996021424436086e-05, '1690': 1.1324944097254113e-05, '915': 1.3143270627445769e-05, '1650': 1.0197305895750488e-05, '81': 1.0250054084650882e-05}"
1,X1,6
"{'995': 0.0030460098507599188, '1730': 0.0030758076687701619, 'sum': 0.031384257456431024, '875': 0.002631930956760278, '955': 0.0029833418084308505, '1610': 0.0028754012086070501, '41': 0.0024854228384076403, '1': 0.003049442804275224, '1690': 0.0029081577309765494, '915': 0.0025938360307079097, '1650': 0.0026128414230277906, '81': 0.0031220648939219806}"
"{'995': 1.0169180407965292e-05, '1730': 1.4876779301412133e-05, 'sum': 4.2537275483157908e-05, '875': 8.7109292586853216e-06, '955': 1.3926949221783808e-05, '1610': 1.1105157463252642e-05, '41': 1.0323959194896375e-05, '1': 1.3668089801474461e-05, '1690': 1.2602138467771609e-05, '915': 1.3092019477159185e-05, '1650': 1.2200091145195019e-05, '81': 8.3482649781811702e-06}"
1,X1,7
"{'995': 0.0048338126507587731, '1730': 0.0049078518156117452, 'sum': 0.050072725474213563, '875': 0.0043705644687482463, '955': 0.0045936040405649692, '1610': 0.004730532954757412, '41': 0.0040222014504252002, '1': 0.0047530140533732874, '1690': 0.004522930462068568, '915': 0.0040845647551274551, '1650': 0.0042201859469059855, '81': 0.0050334634530978901}"
"{'995': 1.2575958323534989e-05, '1730': 1.542880862922787e-05, 'sum': 6.0009840504156164e-05, '875': 1.8148827173212649e-05, '955': 1.4820685753054992e-05, '1610': 1.6222155569218618e-05, '41': 1.6258180686529831e-05, '1': 1.860141550679929e-05, '1690': 1.4680520392138928e-05, '915': 1.5301378808733802e-05, '1650': 1.6992637359933456e-05, '81': 1.750758239106288e-05}"
1,X1,8
"{'995': 0.0067489750993748503, '1730': 0.0066848298431270653, 'sum': 0.069322967142970468, '875': 0.0062180483817226356, '955': 0.0061640632856223322, '1610': 0.0066271745772273453, '41': 0.0055854937613562302, '1': 0.0065997525428732233, '1690': 0.0061863577510747648, '915': 0.005705546863653042, '1650': 0.0058087820739105896, '81': 0.0069939431527422536}"
"{'995': 2.650392360066787e-05, '1730': 2.855805547641152e-05, 'sum': 7.2651403859647093e-05, '875': 2.479939789945582e-05, '955': 2.2979159198388062e-05, '1610': 2.639780822472301e-05, '41': 2.6243724365939385e-05, '1': 2.3311576091481771e-05, '1690': 2.2613182901633365e-05, '915': 2.9591996632752226e-05, '1650': 2.499356605608583e-05, '81': 2.274872720781384e-05}"
1,X1,9
"{'995': 0.0082266890945342872, '1730': 0.0081222402290082891, 'sum': 0.084400438058834806, '875': 0.0076926063674573712, '955': 0.0074267815798521042, '1610': 0.0081944843181050737, '41': 0.0068109583181257434, '1': 0.0080135841137514673, '1690': 0.0074190651783003258, '915': 0.0069120828635417502, '1650': 0.0070581476633938458, '81': 0.0085237969357806909}"
"{'995': 1.8780218412079648e-05, '1730': 1.7695238208821503e-05, 'sum': 7.3724128141374628e-05, '875': 2.1205878821652709e-05, '955': 1.7713018718879739e-05, '1610': 1.5954343448650884e-05, '41': 1.4005133680452447e-05, '1': 2.4696498628779395e-05, '1690': 1.993215839717709e-05, '915': 1.8620073672672731e-05, '1650': 2.1114367828398299e-05, '81': 2.0601528051130167e-05}"
1,X1,10
"{'995': 0.0088446891078582182, '1730': 0.0087090687324794438, 'sum': 0.090066806341593086, '875': 0.0082418502738269474, '955': 0.0078361781063274703, '1610': 0.0087318907563502975, '41': 0.0072286437946156813, '1': 0.0084888555754262674, '1690': 0.0078978349741261732, '915': 0.0073614957240911629, '1650': 0.0075872398984546847, '81': 0.0091390596845975294}"
"{'995': 1.655266404911531e-05, '1730': 2.1942069825748978e-05, 'sum': 7.0883200515025135e-05, '875': 1.9263873413550524e-05, '955': 1.5602567869801801e-05, '1610': 1.9088372594248285e-05, '41': 1.7109350764537162e-05, '1': 1.9372383485116892e-05, '1690': 1.6891291593173545e-05, '915': 1.9155635094259232e-05, '1650': 1.9241649097366007e-05, '81': 1.9620367701975024e-05}"
1,X1,11
"{'995': 0.0082784067770397228, '1730': 0.0081607433794825164, 'sum': 0.084534192802729433, '875': 0.007700656833885996, '955': 0.0074054604672171452, '1610': 0.0082371458066282446, '41': 0.0067899752477252927, '1': 0.0079807002718249951, '1690': 0.0074483887119977561, '915': 0.0069691556057444324, '1650': 0.0070267164458831148, '81': 0.0085368425136914967}"
"{'995': 3.0679862814113364e-05, '1730': 2.9353276556274516e-05, 'sum': 8.0113750403865318e-05, '875': 3.4918964671631828e-05, '955': 2.5599495929745478e-05, '1610': 2.4782067687210347e-05, '41': 2.3523844662906552e-05, '1': 2.5440483948691048e-05, '1690': 1.7415541816249861e-05, '915': 2.5360499522990044e-05, '1650': 1.9031362366988613e-05, '81': 2.8564578221477382e-05}"
1,X1,12
"{'995': 0.0067602007900579618, '1730': 0.0067220317880408121, 'sum': 0.069392209156201437, '875': 0.0061910380430233022, '955': 0.0061756304572694581, '1610': 0.0066958353496514838, '41': 0.0055320747196674347, '1': 0.0066062998062429521, '1690': 0.0062070221711809821, '915': 0.0056613533972547604, '1650': 0.005808502811795244, '81': 0.0070322197324667983}"
"{'995': 1.6686396603364488e-05, '1730': 1.9737313881086244e-05, 'sum': 5.8101935808221168e-05, '875': 1.7738869192937733e-05, '955': 1.3465201584491589e-05, '1610': 2.0499044895039415e-05, '41': 1.5389321740312369e-05, '1': 1.7685682209074592e-05, '1690': 1.5841969597673861e-05, '915': 1.9502716423094772e-05, '1650': 1.602027829734106e-05, '81': 1.7421837143008334e-05}"
1,X1,13
"{'995': 0.0048643617580334348, '1730': 0.0048252397941218484, 'sum': 0.050497569143772125, '875': 0.0043478959964381326, '955': 0.0045397151778969504, '1610': 0.0046829846515147773, '41': 0.0039515508752730154, '1': 0.0047587929121046153, '1690': 0.0045112132922642762, '915': 0.004075615390859268, '1650': 0.004156087180254636, '81': 0.0049658946141048713}"
"{'995': 1.7114719777239766e-05, '1730': 1.703330448610552e-05, 'sum': 0.00027642315710745354, '875': 1.9355577769279699e-05, '955': 1.9153974120425139e-05, '1610': 1.7585079449011364e-05, '41': 2.1704480881576463e-05, '1': 1.8222445179374666e-05, '1690': 1.5205315988892971e-05, '915': 1.5518911712787984e-05, '1650': 1.7477786755232857e-05, '81': 2.3963354782538946e-05}"
1,X1,14
"{'995': 0.0030215655120887927, '1730': 0.0031041292207581658, 'sum': 0.031355955611382214, '875': 0.0026226496257420098, '955': 0.0029859838807689294, '1610': 0.0028818364720791579, '41': 0.0024750902184418268, '1': 0.0030360895075968336, '1690': 0.0028987200132438115, '915': 0.0025781419593840838, '1650': 0.002616090573636549, '81': 0.0031356589070388251}"
"{'995': 1.4743390147529176e-05, '1730': 1.5904565903657551e-05, 'sum': 4.4257047871406322e-05, '875': 1.3730786622536296e-05, '955': 1.1025640667890925e-05, '1610': 1.6579356789240908e-05, '41': 1.4776544850564944e-05, '1': 9.5969070118613856e-06, '1690': 1.4833885839638378e-05, '915': 1.3108985045858321e-05, '1650': 1.562920796860587e-05, '81': 1.7803608660580482e-05}"
1,X1,15
"{'995': 0.0016867093770997598, '1730': 0.0017105177597841249, 'sum': 0.017420838540419935, '875': 0.0014106161572271958, '955': 0.0017447454563807696, '1610': 0.0015667934669181705, '41': 0.0013571573712397368, '1': 0.0016870735882548616, '1690': 0.0016595782217336819, '915': 0.0014379525382537395, '1650': 0.0014303830306744204, '81': 0.0017293116776272654}"
"{'995': 1.0402659185231263e-05, '1730': 8.0104284914614319e-06, 'sum': 3.4815414753345727e-05, '875': 9.2410673232409153e-06, '955': 8.8341113848112022e-06, '1610': 8.8069149637544536e-06, '41': 9.3532707935750381e-06, '1': 1.0464717471140094e-05, '1690': 1.0528879972623867e-05, '915': 9.3352070093456474e-06, '1650': 1.1099606445248721e-05, '81': 1.0878742075222892e-05}"
1,X1,16
"{'995': 0.00083695475822659555, '1730': 0.00084037321007431108, 'sum': 0.0086574442339716132, '875': 0.00067041346078945533, '955': 0.00090860050921845762, '1610': 0.00074501627305936487, '41': 0.00066856009868422042, '1': 0.00082126410928106417, '1690': 0.00085725566303288491, '915': 0.00071674292579431223, '1650': 0.00072907681654517853, '81': 0.0008631862518895003}"
"{'995': 4.0633954143435739e-06, '1730': 5.8357830489565598e-06, 'sum': 2.4797408329059817e-05, '875': 5.4146897276694225e-06, '955': 5.1826832538604344e-06, '1610': 5.6778878766501774e-06, '41': 5.5416161855832154e-06, '1': 6.2194958201454576e-06, '1690': 5.8834344487035006e-06, '915': 5.4071548902860601e-06, '1650': 5.5941847866333005e-06, '81': 6.896313174711418e-06}"
1,X1,17
"{'995': 0.00038529038429260256, '1730': 0.00037727867473020323, 'sum': 0.0040017357044335872, '875': 0.0002954339175226374, '955': 0.00043968166961955526, '1610': 0.00031979587252458763, '41': 0.00030421180902825046, '1': 0.00036844339532156784, '1690': 0.00040673791275670134, '915': 0.00033919242818632888, '1650': 0.00034663093586762749, '81': 0.00041903873789124192}"
"{'995': 5.3316767620958379e-06, '1730': 2.9115939617058883e-06, 'sum': 9.7870265069560197e-06, '875': 3.4356190948768347e-06, '955': 5.9171538748590922e-06, '1610': 3.4784996140000478e-06, '41': 4.2050968799737355e-06, '1': 3.5640739185816249e-06, '1690': 4.92200126681394e-06, '915': 4.1233436896427942e-06, '1650': 3.8427691895055074e-06, '81': 4.7693343322760216e-06}"
1,X1,18
"{'995': 0.00017395451193026799, '1730': 0.0001674712444322982, 'sum': 0.0017865980335045606, '875': 0.00012764951316057704, '955': 0.00018982490239847851, '1610': 0.00014600387060324595, '41': 0.00013885233810080017, '1': 0.00016825910824991297, '1690': 0.00018933535258318962, '915': 0.00014983186624054464, '1650': 0.00015492246088147761, '81': 0.0001804928864917851}"
"{'995': 4.3558526756453371e-06, '1730': 2.7425563504645244e-06, 'sum': 1.500250912578892e-05, '875': 3.3114432731326665e-06, '955': 3.3646381192990838e-06, '1610': 3.3326151028544801e-06, '41': 2.1706269790948518e-06, '1': 3.850230756373424e-06, '1690': 4.7543073929501305e-06, '915': 2.8513724700227918e-06, '1650': 2.9723593587190228e-06, '81': 2.9912633771373732e-06}"
1,X1,19
"{'995': 7.8533361779086088e-05, '1730': 8.0434274288429015e-05, 'sum': 0.00082579487719124664, '875': 6.4467849572085673e-05, '955': 9.2857446563559482e-05, '1610': 7.070251659671258e-05, '41': 6.9274082542742011e-05, '1': 7.4150981769586607e-05, '1690': 9.1212572038380633e-05, '915': 7.3437863007981194e-05, '1650': 8.1423294667965141e-05, '81': 9.2479888095382465e-05}"
"{'995': 1.4432403773416593e-06, '1730': 1.8458341883399604e-06, 'sum': 1.0617276758110522e-05, '875': 1.1871173027872685e-06, '955': 2.2731070052981232e-06, '1610': 1.7181837046255534e-06, '41': 1.3418468455180322e-06, '1': 1.4368074654865374e-06, '1690': 1.5061320611190583e-06, '915': 1.1801633639703568e-06, '1650': 1.1495353358989257e-06, '81': 2.0374057393814616e-06}"
Scan_2
2,Y1,1
"{'995': 4.6766228051102883e-05, '1730': 4.5156820894643554e-05, 'sum': 8.3287914843394362e-05, '875': 3.7895266573554289e-05, '955': 5.5528550600523455e-05, '1610': 4.0791456900906801e-05, '41': 4.7481537288095913e-05, '1': 4.7569183901513875e-05, '1690': 5.1142148175345297e-05, '915': 4.8848993281032617e-05, '1650': 5.0230470900286868e-05, '81': 5.2716491850065614e-05}"
"{'995': 1.9932852524628454e-06, '1730': 1.7100638139840639e-06, 'sum': 1.0395211144418387e-05, '875': 1.5512373390407657e-06, '955': 1.6969370260028838e-06, '1610': 1.1632135368049175e-06, '41': 2.5280310938812618e-06, '1': 2.2308016609794415e-06, '1690': 2.6258200995134228e-06, '915': 2.2451848339534699e-06, '1650': 1.7675780917114559e-06, '81': 2.588589188713742e-06}"
2,Y1,2
"{'995': 8.3672131313505813e-05, '1730': 9.342581888631685e-05, 'sum': 0.00098391520587028927, '875': 6.1497548813349567e-05, '955': 0.00010765490824269364, '1610': 7.074730374370119e-05, '41': 9.9854753352701669e-05, '1': 9.1931080169160845e-05, '1690': 0.00010680244849936571, '915': 0.00010095011348312254, '1650': 9.5553883875254547e-05, '81': 0.00010336287759855622}"
"{'995': 2.2699247413579878e-06, '1730': 2.4224661780575669e-06, 'sum': 9.7838148312985727e-06, '875': 1.6849137528808514e-06, '955': 2.7300529146241134e-06, '1610': 1.5753427653934404e-06, '41': 1.847970750374424e-06, '1': 2.2795736088150796e-06, '1690': 2.507766238234989e-06, '915': 2.0486378339972166e-06, '1650': 2.181817034001333e-06, '81': 2.2866669136888692e-06}"
2,Y1,3
"{'995': 0.00022308995270308246, '1730': 0.00022991078677242276, 'sum': 0.0025342972690446507, '875': 0.00014921944858980606, '955': 0.00026860389711887194, '1610': 0.00019022769669795202, '41': 0.00023725266402363086, '1': 0.00023180310004304542, '1690': 0.00025873568504013948, '915': 0.00023791282135924256, '1650': 0.00024100192456023284, '81': 0.00026653927030835165}"
"{'995': 2.7855299011078296e-06, '1730': 3.2529015810146307e-06, 'sum': 1.0379062597464611e-05, '875': 2.9453847836931658e-06, '955': 3.5325433671965789e-06, '1610': 2.3507477726143944e-06, '41': 3.0269243859355424e-06, '1': 3.1639761695002479e-06, '1690': 3.8807858650263377e-06, '915': 2.5943211214468566e-06, '1650': 2.2862203174334858e-06, '81': 3.6046019884002855e-06}"
2,Y1,4
"{'995': 0.00054206614461077681, '1730': 0.00057029816847251253, 'sum': 0.0062638429036840446, '875': 0.00041354411934112564, '955': 0.00064932387511700733, '1610': 0.00049958196549871291, '41': 0.00057816080245470932, '1': 0.00059383348588896696, '1690': 0.00062573197579314543, '915': 0.00057918307111533578, '1650': 0.00057293902026749283, '81': 0.00063918030219759013}"
"{'995': 5.9985608571950558e-06, '1730': 4.945265778624038e-06, 'sum': 1.7643475914640793e-05, '875': 5.3855599646063839e-06, '955': 4.9240716667573579e-06, '1610': 6.0407200154473798e-06, '41': 5.0124168202310724e-06, '1': 4.8162802792920384e-06, '1690': 5.9526550274431018e-06, '915': 5.36030625914689e-06, '1650': 5.4212969869125085e-06, '81': 4.4870378811327759e-06}"
2,Y1,5
"{'995': 0.0012841104127636011, '1730': 0.0013551581827359219, 'sum': 0.014218852234383425, '875': 0.0010226711112243886, '955': 0.0014101683416149833, '1610': 0.0011880117165150516, '41': 0.0012512516978225021, '1': 0.0013670159651982513, '1690': 0.0013515135470890637, '915': 0.0012473308721162152, '1650': 0.0012535867880973401, '81': 0.001488033780884562}"
"{'995': 1.0908389569084092e-05, '1730': 8.5256069365939877e-06, 'sum': 3.7919096753159711e-05, '875': 7.63115905624157e-06, '955': 9.733711623684899e-06, '1610': 1.0146999709248009e-05, '41': 1.026991296120096e-05, '1': 9.2245404817015459e-06, '1690': 7.6937642691606997e-06, '915': 1.0002776770404775e-05, '1650': 1.1336240516961714e-05, '81': 7.2183079896029537e-06}"
2,Y1,6
"{'995': 0.0025940349844929119, '1730': 0.0026551677505127513, 'sum': 0.027707612500167809, '875': 0.0021757057312732707, '955': 0.0026296764039076292, '1610': 0.0024839547158290562, '41': 0.002380647132388101, '1': 0.0026767326142782201, '1690': 0.0025927304702166179, '915': 0.0023714241553814365, '1650': 0.002355901148313513, '81': 0.0027916369279130148}"
"{'995': 1.1492087685796598e-05, '1730': 1.0130094032801659e-05, 'sum': 3.9361831221558026e-05, '875': 1.2412651461080536e-05, '955': 1.3300442461090464e-05, '1610': 1.1077611900236061e-05, '41': 1.435475802673629e-05, '1': 8.7598678216905705e-06, '1690': 8.9752314405675906e-06, '915': 1.2394734620102288e-05, '1650': 1.1353309353071567e-05, '81': 1.0132398460939278e-05}"
2,Y1,7
"{'995': 0.0044545012319253553, '1730': 0.0044906744388518507, 'sum': 0.046638660684779835, '875': 0.0039228604054423397, '955': 0.0042894429665196821, '1610': 0.0043354867785065261, '41': 0.0038621892669686566, '1': 0.0044705390205813777, '1690': 0.0042373917617455677, '915': 0.0039316582476237307, '1650': 0.0039194759878295442, '81': 0.0047244404235647786}"
"{'995': 1.5752958087552481e-05, '1730': 1.515973095918137e-05, 'sum': 5.8376398255719443e-05, '875': 1.6770121015880643e-05, '955': 1.6490946914968812e-05, '1610': 1.4871217802723706e-05, '41': 1.5910361817654076e-05, '1': 1.4439298860362846e-05, '1690': 1.3391429321369695e-05, '915': 1.3034342120745138e-05, '1650': 1.3790983936342454e-05, '81': 1.0897418736810792e-05}"
2,Y1,8
"{'995': 0.0064997653028479327, '1730': 0.0065095770966123656, 'sum': 0.067362761883823966, '875': 0.0059257529641467115, '955': 0.0060427987741099465, '1610': 0.0064033378191568234, '41': 0.0055197341953990633, '1': 0.0064086150033054526, '1690': 0.0059719116909912337, '915': 0.0056088397072421182, '1650': 0.0056380653167488401, '81': 0.006834364306457617}"
"{'995': 2.3362089876458226e-05, '1730': 2.5945647386308871e-05, 'sum': 0.00012131146338972846, '875': 2.141093060546402e-05, '955': 2.3938767238962806e-05, '1610': 2.8922569443281488e-05, '41': 2.5847302168479513e-05, '1': 2.6476477496290133e-05, '1690': 2.2326378274188007e-05, '915': 2.3960731981953018e-05, '1650': 1.7929318108871591e-05, '81': 2.7095105614116347e-05}"
2,Y1,9
"{'995': 0.008228982729768311, '1730': 0.0081176075187546232, 'sum': 0.083981058111897225, '875': 0.0076033852615014271, '955': 0.0073045183283587294, '1610': 0.0081396010462884555, '41': 0.0067661327171932772, '1': 0.0079657572356087187, '1690': 0.0073837734827840772, '915': 0.006953099621804776, '1650': 0.0069601482159837528, '81': 0.0085580532473546484}"
"{'995': 1.6302329471947287e-05, '1730': 2.159624686231965e-05, 'sum': 8.8621557575515656e-05, '875': 2.1448373294474327e-05, '955': 1.7474538626950234e-05, '1610': 2.1784292554381782e-05, '41': 2.0271834819348374e-05, '1': 1.9628672284939174e-05, '1690': 1.9092939330987704e-05, '915': 1.8486674625790502e-05, '1650': 2.0176192546998102e-05, '81': 2.0818129946259488e-05}"
2,Y1,10
"{'995': 0.0088027781233764608, '1730': 0.0086601116479589381, 'sum': 0.090051619479289427, '875': 0.0082475480695183463, '955': 0.0078425533317316044, '1610': 0.0087883288327317965, '41': 0.0071803267973546796, '1': 0.0084665912704972122, '1690': 0.00789969341041377, '915': 0.007434062086618864, '1650': 0.0075644085255379863, '81': 0.0091652158791056051}"
"{'995': 2.649656634485354e-05, '1730': 2.2331456887747179e-05, 'sum': 7.5519570211353402e-05, '875': 1.9312243013821503e-05, '955': 1.3075184354014977e-05, '1610': 1.9104277931411554e-05, '41': 1.9734599298394681e-05, '1': 1.9574064017307764e-05, '1690': 2.0059950997214499e-05, '915': 1.8380899486559533e-05, '1650': 2.5288041352367137e-05, '81': 2.2978271038236352e-05}"
2,Y1,11
"{'995': 0.0082477614697482847, '1730': 0.0081568805983772991, 'sum': 0.08431414652753759, '875': 0.0076385878405913158, '955': 0.0074033787370555932, '1610': 0.0081623764018769612, '41': 0.0068246202060469876, '1': 0.0079771936526177104, '1690': 0.0073941975694011763, '915': 0.006925136264827516, '1650': 0.0070346264789501829, '81': 0.0085493872907978514}"
"{'995': 3.1658313020581258e-05, '1730': 2.4480674958304006e-05, 'sum': 7.8154921377831071e-05, '875': 2.8163290092749973e-05, '955': 2.5470975241178251e-05, '1610': 2.8471883219110389e-05, '41': 2.0271651220749699e-05, '1': 2.6082831521049853e-05, '1690': 1.6147067070520642e-05, '915': 2.5167349214605653e-05, '1650': 2.6602641073984422e-05, '81': 2.9458841628018219e-05}"
2,Y1,12
"{'995': 0.0066407489856438974, '1730': 0.006581095703022212, 'sum': 0.068156993662824433, '875': 0.0060048830714456887, '955': 0.0060620450756835691, '1610': 0.006543213397036402, '41': 0.0055756421797737779, '1': 0.0064495649968026852, '1690': 0.0060831492918790604, '915': 0.0056412948523553051, '1650': 0.0057339486475957904, '81': 0.0068414068628786778}"
"{'995': 1.7516101905777304e-05, '1730': 1.7741640851753254e-05, 'sum': 7.4018268870169396e-05, '875': 2.1189318187232679e-05, '955': 1.4449275240159115e-05, '1610': 2.3092887081347037e-05, '41': 1.6426573956788406e-05, '1': 1.9100728516087706e-05, '1690': 2.0830877958344055e-05, '915': 1.6569672091394389e-05, '1650': 1.9589719692438035e-05, '81': 2.0567783338264295e-05}"
2,Y1,13
"{'995': 0.0045624421551250498, '1730': 0.0045813498481248431, 'sum': 0.047410416775024854, '875': 0.0040286017689280789, '955': 0.0043348704572193902, '1610': 0.0044107210929863732, '41': 0.0039429929143247697, '1': 0.0045414309805402392, '1690': 0.0042624303068105988, '915': 0.0039824627411480136, '1650': 0.0039970445392939905, '81': 0.0047660702302192264}"
"{'995': 1.3087568501367994e-05, '1730': 1.8902643587768642e-05, 'sum': 3.8496370365362652e-05, '875': 1.5832094824923379e-05, '955': 1.3509655558101075e-05, '1610': 1.0588494481273445e-05, '41': 1.3725907206652554e-05, '1': 1.0751845522145103e-05, '1690': 1.5408883932404826e-05, '915': 1.6565378780989367e-05, '1650': 1.1141357780966121e-05, '81': 1.5496606167178771e-05}"
2,Y1,14
"{'995': 0.0026069208181330136, '1730': 0.0027033399657479355, 'sum': 0.028101955886398043, '875': 0.0022154461592435839, '955': 0.0026609268105987991, '1610': 0.0024954956557069505, '41': 0.0024083597652081934, '1': 0.0027384989628834386, '1690': 0.0025613225530833005, '915': 0.0024217463763696809, '1650': 0.0024056615174881048, '81': 0.0028842369826244454}"
"{'995': 1.4129842085419872e-05, '1730': 1.2004189945668144e-05, 'sum': 5.2289711375011002e-05, '875': 8.1222672447642934e-06, '955': 1.0165502367858654e-05, '1610': 1.2481763644245596e-05, '41': 1.2032996704703046e-05, '1': 1.6717999520138493e-05, '1690': 1.2966530534919493e-05, '915': 1.0662603129933904e-05, '1650': 1.6856118479633289e-05, '81': 1.5142066460925733e-05}"
2,Y1,15
"{'995': 0.0012723483139266952, '1730': 0.001347928761671751, 'sum': 0.014128404764983898, '875': 0.001032046705054549, '955': 0.0014057699113320082, '1610': 0.0011812404502565281, '41': 0.0012445722539455462, '1': 0.0013475100008340983, '1690': 0.0013443293432012582, '915': 0.0012533283099914209, '1650': 0.0012449644273146987, '81': 0.0014543663173054273}"
"{'995': 1.148325845780604e-05, '1730': 9.1583940688706587e-06, 'sum': 2.8283277231647005e-05, '875': 6.9997801651258981e-06, '955': 9.3616489342294071e-06, '1610': 8.0802785950539178e-06, '41': 1.0241281813426521e-05, '1': 1.066577779043628e-05, '1690': 9.3115664683045954e-06, '915': 1.0332740637969493e-05, '1650': 1.1316798402094507e-05, '81': 8.1972870658418527e-06}"
2,Y1,16
"{'995': 0.00053943568060209075, '1730': 0.0005752451015049937, 'sum': 0.0062199957772261566, '875': 0.00041673911080040315, '955': 0.00064032205328759225, '1610': 0.00048544597100569971, '41': 0.0005742267347630803, '1': 0.00060041504912078381, '1690': 0.00060049895869774953, '915': 0.00057525163154221245, '1650': 0.00056425136022476689, '81': 0.00064816413861182006}"
"{'995': 4.8838811423754121e-06, '1730': 5.5671910284472697e-06, 'sum': 1.6673881283458838e-05, '875': 3.7181669999469842e-06, '955': 5.2532003724656327e-06, '1610': 4.9633377814894437e-06, '41': 5.2545034063963904e-06, '1': 4.7947543976910915e-06, '1690': 4.6690299266900786e-06, '915': 5.2088201823445516e-06, '1650': 4.1749165904123779e-06, '81': 5.6837502715143559e-06}"
2,Y1,17
"{'995': 0.00020744340052144563, '1730': 0.00022047676363999539, 'sum': 0.0024828231457541599, '875': 0.00014885797529441721, '955': 0.00025664781687157032, '1610': 0.0001795898740269006, '41': 0.00024416931270760425, '1': 0.00022083956672701034, '1690': 0.00025413877688635619, '915': 0.00023962183796027872, '1650': 0.00023403171724837988, '81': 0.00027700613607018393}"
"{'995': 3.3389586566044195e-06, '1730': 3.2516041387011894e-06, 'sum': 1.1686999101729794e-05, '875': 2.5425594835973989e-06, '955': 4.1841977303387036e-06, '1610': 2.7413988864782836e-06, '41': 2.5203101896196489e-06, '1': 3.3965776076629676e-06, '1690': 4.5332598780513927e-06, '915': 3.0492151617567827e-06, '1650': 3.6339996892667386e-06, '81': 2.9965808415778371e-06}"
2,Y1,18
"{'995': 8.5622480212434854e-05, '1730': 9.0627565374166739e-05, 'sum': 0.00097169072574211494, '875': 6.3366240889687717e-05, '955': 0.00010795430824617613, '1610': 7.3921385962792013e-05, '41': 9.3636715502253972e-05, '1': 8.6406244749755225e-05, '1690': 0.00010209265288991716, '915': 9.8972951053400286e-05, '1650': 0.00010008353220419613, '81': 0.00010135740147368913}"
"{'995': 2.0319369300946774e-06, '1730': 2.9793312720951891e-06, 'sum': 9.2118805123537933e-06, '875': 2.4902977762474193e-06, '955': 2.0374654800639371e-06, '1610': 2.2228943936412986e-06, '41': 2.102686341666571e-06, '1': 2.1512266041974936e-06, '1690': 3.2683764726455498e-06, '915': 2.1378401501162492e-06, '1650': 2.9943224052205874e-06, '81': 2.5591215620507846e-06}"
2,Y1,19
"{'995': 4.1757670942388359e-05, '1730': 4.4969010673412413e-05, 'sum': 8.5978800143493572e-05, '875': 3.442974616518768e-05, '955': 4.9733910145732807e-05, '1610': 3.9731027754896786e-05, '41': 4.9424696271671564e-05, '1': 4.281943029127433e-05, '1690': 5.4740956102250493e-05, '915': 4.6012141183382482e-05, '1650': 5.3112939440325135e-05, '81': 5.3343911304182257e-05}"
"{'995': 1.1387564963948547e-06, '1730': 1.1555734334785913e-06, 'sum': 5.9322750714230708e-06, '875': 1.1492626571523485e-06, '955': 1.763816018448029e-06, '1610': 1.0618882554820702e-06, '41': 1.7687672800968078e-06, '1': 1.3172713754181413e-06, '1690': 1.6536802108517557e-06, '915': 1.2028003964925826e-06, '1650': 2.0514372942046156e-06, '81': 1.9207731985166146e-06}"
Scan_3
3,X2,1
"{'995': 8.4009469551696937e-05, '1730': 8.2108862233536245e-05, 'sum': 0.00079219726970992412, '875': 6.3040844067402825e-05, '955': 9.9636486993404105e-05, '1610': 7.1030688979170431e-05, '41': 6.7119401277383222e-05, '1': 7.6652280348263536e-05, '1690': 8.9227626561366312e-05, '915': 7.1168223467583841e-05, '1650': 7.1484646608811235e-05, '81': 8.6354932976134412e-05}"
"{'995': 1.683481795613183e-06, '1730': 1.9143527772811852e-06, 'sum': 8.5070607788541278e-06, '875': 1.6299576042212431e-06, '955': 1.6260982967075662e-06, '1610': 1.5567582496721873e-06, '41': 1.0151853482624291e-06, '1': 1.5595251213422284e-06, '1690': 1.7455970875200824e-06, '915': 1.207699847780337e-06, '1650': 1.720505411335105e-06, '81': 2.1856686460068649e-06}"
3,X2,2
"{'995': 0.00016660439723636955, '1730': 0.00015400972971782231, 'sum': 0.0017343258010581709, '875': 0.00012443711462905272, '955': 0.00019381892007703966, '1610': 0.00014489571521363148, '41': 0.0001344955820129074, '1': 0.00015337462201177215, '1690': 0.00017398748325201898, '915': 0.00015620184086191541, '1650': 0.0001472298278643463, '81': 0.00018277168867196172}"
"{'995': 3.1167703505264523e-06, '1730': 2.8515268754930442e-06, 'sum': 1.2757079740342471e-05, '875': 2.7048370664409627e-06, '955': 4.2067673167871627e-06, '1610': 2.5751061041313234e-06, '41': 3.0798578323513254e-06, '1': 2.9694392335995704e-06, '1690': 3.4149296412376118e-06, '915': 4.5300738145189171e-06, '1650': 2.8903063136720635e-06, '81': 4.6444372829133043e-06}"
3,X2,3
"{'995': 0.00036665544030256569, '1730': 0.000364148270393266, 'sum': 0.0038672212778808591, '875': 0.00027813007646398816, '955': 0.00042621634264001026, '1610': 0.00032597548945093567, '41': 0.00030066972930341008, '1': 0.00035750947612773706, '1690': 0.00041176427831932745, '915': 0.00032012971883461358, '1650': 0.00032440114808467, '81': 0.00039162133768339582}"
"{'995': 5.2855592131599546e-06, '1730': 3.7399907140557108e-06, 'sum': 1.3980094634684824e-05, '875': 3.1212087308564473e-06, '955': 4.6733126924171346e-06, '1610': 3.9669121367949905e-06, '41': 3.3734886008304156e-06, '1': 3.7978728005418234e-06, '1690': 4.0655052708155141e-06, '915': 3.4330155495094145e-06, '1650': 3.9077884449551246e-06, '81': 4.6049477287565513e-06}"
3,X2,4
"{'995': 0.00079058412050541781, '1730': 0.00081081067596992047, 'sum': 0.0082947774073825441, '875': 0.00063110603682266979, '955': 0.00086290549594335829, '1610': 0.00071567092807247094, '41': 0.00063464570065172249, '1': 0.00080672223255253187, '1690': 0.00082047916321943584, '915': 0.00069490497116930783, '1650': 0.00067626318195834756, '81': 0.00085068488260731101}"
"{'995': 6.9213137005630934e-06, '1730': 6.3591342170771145e-06, 'sum': 2.1364537501906557e-05, '875': 6.0506670025122117e-06, '955': 7.3166811909671053e-06, '1610': 6.1694545841938083e-06, '41': 6.4276382228990967e-06, '1': 6.5681415742431468e-06, '1690': 6.5521998740616952e-06, '915': 6.9893903959688333e-06, '1650': 6.1892676274554316e-06, '81': 6.2579451170598995e-06}"
3,X2,5
"{'995': 0.0016290609216268518, '1730': 0.001645690381624981, 'sum': 0.016745832993795996, '875': 0.0013393643434698645, '955': 0.0016673139425141638, '1610': 0.0014815347201779093, '41': 0.0013137475562919128, '1': 0.0016080586846280646, '1690': 0.0016017198458460993, '915': 0.0013523903571216291, '1650': 0.001369540472392385, '81': 0.0016661483218501274}"
"{'995': 1.1546007891272836e-05, '1730': 1.3257392807740701e-05, 'sum': 6.5303396200092152e-05, '875': 9.2345394034309062e-06, '955': 1.3087848132615495e-05, '1610': 1.211895153245302e-05, '41': 9.5661061534779836e-06, '1': 1.4790361536300808e-05, '1690': 8.4189891995654738e-06, '915': 1.4164699690911748e-05, '1650': 1.0434057477869149e-05, '81': 9.7721428223592526e-06}"
3,X2,6
"{'995': 0.002912412539848851, '1730': 0.0030138389880044591, 'sum': 0.030273849610239267, '875': 0.0025254982497750055, '955': 0.0028996836044825613, '1610': 0.0027890619951196844, '41': 0.0024149420787580311, '1': 0.0029405230565720964, '1690': 0.0027554909595184857, '915': 0.0024814352380215293, '1650': 0.0024999904433368808, '81': 0.0030409721981009673}"
"{'995': 1.4577478278108481e-05, '1730': 1.5446740005053312e-05, 'sum': 8.8873865936545845e-05, '875': 1.7865012315247667e-05, '955': 1.5490689861286771e-05, '1610': 1.7093039457160406e-05, '41': 1.5042863559380907e-05, '1': 1.6325289924090507e-05, '1690': 1.6811529134501686e-05, '915': 1.2811135740245687e-05, '1650': 1.6355989997627284e-05, '81': 1.6559689053379965e-05}"
3,X2,7
"{'995': 0.0046564018031438953, '1730': 0.0046942415468108198, 'sum': 0.048299028466527276, '875': 0.0042342551661512023, '955': 0.0044665939461153289, '1610': 0.0045488760806620121, '41': 0.0038651945338083003, '1': 0.0046674192954714484, '1690': 0.0043859577988489317, '915': 0.0039367031109017823, '1650': 0.0040041668645034618, '81': 0.0048392183648852203}"
"{'995': 1.4440728023700233e-05, '1730': 1.4449405835719871e-05, 'sum': 6.1762414491627513e-05, '875': 1.1589351135638432e-05, '955': 2.0193339756911103e-05, '1610': 1.6836477801282191e-05, '41': 1.3681902159467048e-05, '1': 1.6111161889595857e-05, '1690': 1.2520740462788593e-05, '915': 1.4085414983585001e-05, '1650': 1.5944906483605811e-05, '81': 1.8021333045659779e-05}"
3,X2,8
"{'995': 0.0066176820732653137, '1730': 0.0065875603351742027, 'sum': 0.067958111166954036, '875': 0.006082353191450238, '955': 0.0060275900177657604, '1610': 0.0065443883743137119, '41': 0.0054406983032822612, '1': 0.0064921248890459533, '1690': 0.0060759345907717942, '915': 0.0055625043716281651, '1650': 0.0056503343116492029, '81': 0.0068769415467977522}"
"{'995': 1.4237067015050586e-05, '1730': 1.4772293429712513e-05, 'sum': 6.2926779676845899e-05, '875': 1.7525172954100876e-05, '955': 1.5488891969047964e-05, '1610': 2.2325468635276124e-05, '41': 1.289852115196079e-05, '1': 1.44184522300254e-05, '1690': 1.4970687688382875e-05, '915': 1.8645628527329367e-05, '1650': 1.6126747757194598e-05, '81': 2.0057203846480993e-05}"
3,X2,9
"{'995': 0.0081397196346962887, '1730': 0.0081135213064650689, 'sum': 0.083568438059753836, '875': 0.0075224343583815629, '955': 0.0073284398660891587, '1610': 0.0081007995608228228, '41': 0.0066801722299445554, '1': 0.0079672402115883653, '1690': 0.0074399996169463353, '915': 0.006879421416670084, '1650': 0.0069769241640137303, '81': 0.0084197649525271524}"
"{'995': 2.5710901280658747e-05, '1730': 2.4450752513290147e-05, 'sum': 9.4147031588341811e-05, '875': 2.6857922520293355e-05, '955': 2.8509808362228345e-05, '1610': 2.7070914966331175e-05, '41': 2.2656243609579738e-05, '1': 2.2699865862308526e-05, '1690': 2.2039397076647028e-05, '915': 2.2678398050963225e-05, '1650': 1.9982765379476793e-05, '81': 2.9845582586767883e-05}"
3,X2,10
"{'995': 0.0088395501057115886, '1730': 0.0087461158131750729, 'sum': 0.090401380394513786, '875': 0.008208357120076051, '955': 0.0078672142878461349, '1610': 0.0087972305571803674, '41': 0.0073044188678837736, '1': 0.0085163276929121744, '1690': 0.0079535156345138178, '915': 0.007396535571807852, '1650': 0.0076016743416683031, '81': 0.0091704404196487031}"
"{'995': 1.9283200078229763e-05, '1730': 2.354532615833735e-05, 'sum': 5.7268184211230303e-05, '875': 1.5993530081748763e-05, '955': 1.3536696815584612e-05, '1610': 1.9225271031918815e-05, '41': 1.8058624142031493e-05, '1': 1.7051311248228579e-05, '1690': 2.2819436692292719e-05, '915': 1.7336116838123965e-05, '1650': 1.8733230788908785e-05, '81': 1.9070010682643526e-05}"
3,X2,11
"{'995': 0.0083762454558853755, '1730': 0.008339550622083523, 'sum': 0.085933365203716139, '875': 0.0077837646111018127, '955': 0.0075320297231276827, '1610': 0.0083530013346009777, '41': 0.0068946901743334749, '1': 0.0081382141690011373, '1690': 0.0076106723949865059, '915': 0.0070654524283276666, '1650': 0.0071955055377825542, '81': 0.008644239701054714}"
"{'995': 2.6498702854839684e-05, '1730': 2.3368275368836983e-05, 'sum': 9.1015952366080239e-05, '875': 1.9096017219134462e-05, '955': 2.0814810487399827e-05, '1610': 1.8032051746966646e-05, '41': 2.0594216475018588e-05, '1': 2.3366963106810903e-05, '1690': 1.6925336214026554e-05, '915': 1.5137751861595741e-05, '1650': 2.0938491033716494e-05, '81': 2.2404604715874154e-05}"
3,X2,12
"{'995': 0.0070171688717824438, '1730': 0.0069274694693309286, 'sum': 0.071513415210776865, '875': 0.0063705254622079708, '955': 0.0063488781797113245, '1610': 0.0068996843226529934, '41': 0.005720110610127449, '1': 0.0067606354477228944, '1690': 0.0064075799417440535, '915': 0.0058650178662328807, '1650': 0.0059817088940353307, '81': 0.0072146356105804443}"
"{'995': 3.0568035742881178e-05, '1730': 2.3873413423002704e-05, 'sum': 7.3965286270490007e-05, '875': 2.2709081791907803e-05, '955': 2.7065430231891806e-05, '1610': 2.1704067202362508e-05, '41': 2.1479542406517683e-05, '1': 2.0562164793921568e-05, '1690': 2.6918669205191962e-05, '915': 2.3937804515056003e-05, '1650': 2.4257189232463648e-05, '81': 2.8252266878040317e-05}"
3,X2,13
"{'995': 0.0050774571765214204, '1730': 0.0051145823113620285, 'sum': 0.052136404961347582, '875': 0.0045413639955222606, '955': 0.004763200199231505, '1610': 0.0048927903641015295, '41': 0.004164639348164201, '1': 0.0050117673724889757, '1690': 0.004730157302692533, '915': 0.0042330207023769618, '1650': 0.0043324865773320198, '81': 0.0052749397512525317}"
"{'995': 1.6990027098019356e-05, '1730': 1.7751781228341736e-05, 'sum': 5.5097256071003294e-05, '875': 1.3922576215107077e-05, '955': 1.5549956311262526e-05, '1610': 1.4792836813528991e-05, '41': 1.9883355892340462e-05, '1': 1.6573393392695937e-05, '1690': 1.6880598367002683e-05, '915': 1.5857270918398657e-05, '1650': 1.5020739598379881e-05, '81': 1.5709817055319213e-05}"
3,X2,14
"{'995': 0.003258387946213285, '1730': 0.0032889052052740698, 'sum': 0.033336202441542236, '875': 0.0027890575066622761, '955': 0.0031541773221558994, '1610': 0.0030960493583094191, '41': 0.0026278688865541307, '1': 0.0032049819171704628, '1690': 0.0030494959404071174, '915': 0.0027512502080450454, '1650': 0.0027951043426852535, '81': 0.0033209241098827785}"
"{'995': 1.3638646746058781e-05, '1730': 1.2628796057438301e-05, 'sum': 3.3842275738277194e-05, '875': 1.1354733719199697e-05, '955': 1.1254429993417608e-05, '1610': 1.1508235072191002e-05, '41': 9.3080457056299339e-06, '1': 1.3459870080353385e-05, '1690': 1.0452497539498222e-05, '915': 1.2151814569142409e-05, '1650': 9.2533037018508444e-06, '81': 1.3368223778069825e-05}"
3,X2,15
"{'995': 0.0018213028190931415, '1730': 0.0018504085669787053, 'sum': 0.018886405043303967, '875': 0.0015191360999939636, '955': 0.0018603820798863821, '1610': 0.0017099268049659098, '41': 0.0014831008636118734, '1': 0.0018326123450499248, '1690': 0.0017987845691523569, '915': 0.0015449594425530557, '1650': 0.0015828537631451206, '81': 0.0018829376786015928}"
"{'995': 1.3744360208675857e-05, '1730': 1.0178392612634069e-05, 'sum': 2.8297138433290246e-05, '875': 9.5328544894882724e-06, '955': 1.2905684869680876e-05, '1610': 1.1026691037817298e-05, '41': 1.1655513259947091e-05, '1': 1.542377269351885e-05, '1690': 1.0395119085724881e-05, '915': 7.956937086408048e-06, '1650': 8.6159971687584469e-06, '81': 9.2233814771608966e-06}"
3,X2,16
"{'995': 0.00093075715733739815, '1730': 0.00092409879494553956, 'sum': 0.0095344858053020946, '875': 0.00073752132578729058, '955': 0.00099323715011660871, '1610': 0.00082690633075216261, '41': 0.00072183203435717872, '1': 0.00091379358976458513, '1690': 0.00094889550774286571, '915': 0.00079560966547339771, '1650': 0.00078337097940488882, '81': 0.00095846304275955144}"
"{'995': 7.5718618760374393e-06, '1730': 9.436090291343215e-06, 'sum': 2.9060691741671125e-05, '875': 7.6064694793829934e-06, '955': 7.8901649893343106e-06, '1610': 7.0631910308682429e-06, '41': 6.5196836647165395e-06, '1': 6.2704480991469333e-06, '1690': 7.4559893884408301e-06, '915': 6.0746687440900919e-06, '1650': 8.3525876263938425e-06, '81': 8.3867714442422854e-06}"
3,X2,17
"{'995': 0.00042932766437944438, '1730': 0.00043710838050443543, 'sum': 0.0045136570482066382, '875': 0.00033859465771389231, '955': 0.0004867290500206528, '1610': 0.00035801271938166963, '41': 0.00034402032637175309, '1': 0.00042349293383907663, '1690': 0.0004646495314470182, '915': 0.00037709503710545877, '1650': 0.0003868519884741141, '81': 0.00046777476328080175}"
"{'995': 3.8715422697891019e-06, '1730': 4.0689679590144079e-06, 'sum': 1.3294687046559337e-05, '875': 4.8375937937242571e-06, '955': 4.3705176040778752e-06, '1610': 5.0325790359892169e-06, '41': 3.9675096392570572e-06, '1': 4.6644012097966e-06, '1690': 4.9804453783353292e-06, '915': 3.2716499275720463e-06, '1650': 4.00391340769027e-06, '81': 5.1708387244143549e-06}"
3,X2,18
"{'995': 0.0001972183268258555, '1730': 0.000193976441773379, 'sum': 0.0020339923755576211, '875': 0.00014831147564109415, '955': 0.00022403676994144916, '1610': 0.00017120072378828708, '41': 0.00015956266466269476, '1': 0.00018410554686043825, '1690': 0.00020629317635515083, '915': 0.00017207236119752957, '1650': 0.0001638615112622372, '81': 0.00021335336948848433}"
"{'995': 3.2009807317609274e-06, '1730': 2.5302181157260839e-06, 'sum': 9.5737603354583917e-06, '875': 2.5875153975736819e-06, '955': 3.0115876501493039e-06, '1610': 3.049465153826469e-06, '41': 3.1742093169233874e-06, '1': 3.7944765227381426e-06, '1690': 2.0508842704632906e-06, '915': 2.5293092712625793e-06, '1650': 3.1289952348525703e-06, '81': 3.6262917843250707e-06}"
3,X2,19
"{'995': 9.4327775716212476e-05, '1730': 9.0484030941432274e-05, 'sum': 0.00095136585447040418, '875': 6.8649306437388688e-05, '955': 0.00011311180693425101, '1610': 7.9964023354006238e-05, '41': 7.8054322296305118e-05, '1': 8.8408774226317522e-05, '1690': 0.00010393393636655269, '915': 8.17567062633181e-05, '1650': 8.5523189530552671e-05, '81': 9.7789622183578714e-05}"
"{'995': 2.4874517726329054e-06, '1730': 2.5731982782231458e-06, 'sum': 1.350138145305449e-05, '875': 2.1501404204471729e-06, '955': 2.4314861800712014e-06, '1610': 2.6584403802379766e-06, '41': 2.74403347996191e-06, '1': 3.2808962914761231e-06, '1690': 2.9293345606296149e-06, '915': 2.3982476463557742e-06, '1650': 2.938300696290915e-06, '81': 2.9075503341128472e-06}"
Scan_4
4,Y2,1
"{'995': 4.2797051719389856e-05, '1730': 3.8356387449312024e-05, 'sum': 6.4643325458746403e-05, '875': 3.3289748898823746e-05, '955': 3.8147709346958436e-05, '1610': 3.2425454264739528e-05, '41': 4.0710829125600867e-05, '1': 4.1992356273112819e-05, '1690': 4.6224471589084715e-05, '915': 4.8727984903962351e-05, '1650': 3.8564972783206031e-05, '81': 6.4643325458746403e-05}"
"{'995': 2.4089980588238448e-07, '1730': 6.4870537235686505e-06, 'sum': 1.2045305352325763e-07, '875': 3.6134550804748959e-07, '955': 2.4433992643956288e-06, '1610': 8.6034624769516152e-07, '41': 4.4050125695487718e-06, '1': 1.2217033078768908e-06, '1690': 7.3990789688820897e-07, '915': 9.8081085335265886e-07, '1650': 3.9232056064258511e-06, '81': 1.2045305352325763e-07}"
4,Y2,2
"{'995': 7.4281837796883249e-05, '1730': 7.9355899776224179e-05, 'sum': 0.00082512295424438465, '875': 5.7835673498807523e-05, '955': 9.4216203007551776e-05, '1610': 6.3055025881423224e-05, '41': 9.0031823563593914e-05, '1': 7.9749900778108162e-05, '1690': 9.1990255452578936e-05, '915': 8.1731589467026196e-05, '1650': 9.1130981539807674e-05, '81': 9.4684358528622132e-05}"
"{'995': 1.7515600570558048e-06, '1730': 1.8764184981642453e-06, 'sum': 1.0636566313591026e-05, '875': 1.5901855430523718e-06, '955': 2.0195235950973978e-06, '1610': 1.5321320051196888e-06, '41': 1.4592811697489016e-06, '1': 1.8286380845843132e-06, '1690': 1.8276307944019309e-06, '915': 2.2988217264958444e-06, '1650': 1.5767788073276056e-06, '81': 1.9892798586555579e-06}"
4,Y2,3
"{'995': 0.00019023075369392137, '1730': 0.00019741988602190222, 'sum': 0.0022495984825689126, '875': 0.00013136861589908434, '955': 0.00023971146027393201, '1610': 0.00016212041630163132, '41': 0.00022609231810373089, '1': 0.00020802101575742091, '1690': 0.00022307262278285206, '915': 0.00020827353343038876, '1650': 0.00021498593731153319, '81': 0.00024830194075441207}"
"{'995': 3.5940212430584676e-06, '1730': 4.5167807828006889e-06, 'sum': 1.2844134199711684e-05, '875': 2.6397849314468994e-06, '955': 3.323379584904338e-06, '1610': 3.229163062142786e-06, '41': 4.7202087537432596e-06, '1': 3.5432105062828036e-06, '1690': 3.017919543714708e-06, '915': 3.7275977511675131e-06, '1650': 5.0968472231612852e-06, '81': 3.7970647811682352e-06}"
4,Y2,4
"{'995': 0.00049620844723764236, '1730': 0.00053159298057345533, 'sum': 0.0057783130950366073, '875': 0.00037751119033111114, '955': 0.0006050977412647066, '1610': 0.00044318155582564382, '41': 0.00053700854746589006, '1': 0.00054173804416607775, '1690': 0.00058030098891602108, '915': 0.00053214122509906208, '1650': 0.00052526234447633708, '81': 0.00060826994908543734}"
"{'995': 4.3472661750207367e-06, '1730': 5.0264587578102906e-06, 'sum': 1.8383694825889855e-05, '875': 3.9934287256664096e-06, '955': 5.9980807266167467e-06, '1610': 5.5153403660353853e-06, '41': 5.4477198434777389e-06, '1': 4.8508741501768258e-06, '1690': 5.0175024208380507e-06, '915': 5.243872498927722e-06, '1650': 4.9381752335862288e-06, '81': 5.217494194157656e-06}"
4,Y2,5
"{'995': 0.001198736684976743, '1730': 0.001278875217737876, 'sum': 0.013340770635964736, '875': 0.00094330424051907542, '955': 0.0013272777586331907, '1610': 0.0011156768415052935, '41': 0.001193164487562652, '1': 0.0012794981275702703, '1690': 0.0012835667881552341, '915': 0.0011959324968662465, '1650': 0.0011416465650259885, '81': 0.0013830912593787289}"
"{'995': 9.2735853189423122e-06, '1730': 7.6370551870866289e-06, 'sum': 2.5955677021992966e-05, '875': 4.7213516672977892e-06, '955': 7.9745417864083108e-06, '1610': 7.2799320109936724e-06, '41': 7.0561226689901025e-06, '1': 8.1247782305978525e-06, '1690': 8.6228576501683507e-06, '915': 8.0811654811724096e-06, '1650': 7.3933037784086544e-06, '81': 9.7914556788142381e-06}"
4,Y2,6
"{'995': 0.002490636776201427, '1730': 0.0026035703038080381, 'sum': 0.026827882187297709, '875': 0.0021202834502149085, '955': 0.0025660935520695951, '1610': 0.002394623588770628, '41': 0.0023121605716788997, '1': 0.0025736444647638844, '1690': 0.0024952810132302917, '915': 0.0022915838590751472, '1650': 0.0022730941866309596, '81': 0.0027069102596634855}"
"{'995': 1.2730884165091145e-05, '1730': 1.9373091437400924e-05, 'sum': 5.9121977937742713e-05, '875': 1.3344581368146044e-05, '955': 1.7123454810472292e-05, '1610': 1.5957944508440457e-05, '41': 1.3152824348690099e-05, '1': 1.8761344180397496e-05, '1690': 1.7725985388108967e-05, '915': 1.2542443095538325e-05, '1650': 1.2897966786677506e-05, '81': 1.4738742849350976e-05}"
4,Y2,7
"{'995': 0.0043638365308719656, '1730': 0.0044656413503819043, 'sum': 0.046053883654099924, '875': 0.0038672274978900395, '955': 0.0042245630002408115, '1610': 0.0042528016147790129, '41': 0.0038219556833306947, '1': 0.0044421266109027245, '1690': 0.0041754034313338777, '915': 0.0038639005635761553, '1650': 0.0039004750411819528, '81': 0.0046759523727275707}"
"{'995': 1.5609222361844746e-05, '1730': 1.5324386079003238e-05, 'sum': 5.2988981935513357e-05, '875': 1.4379159032288148e-05, '955': 1.4283094200952569e-05, '1610': 1.305896081683899e-05, '41': 1.1949447771054219e-05, '1': 1.6693972233578598e-05, '1690': 1.6473595813508258e-05, '915': 1.6440171047617485e-05, '1650': 1.19622785345286e-05, '81': 1.3084478827420732e-05}"
4,Y2,8
"{'995': 0.0065535284184779115, '1730': 0.0065133723501975722, 'sum': 0.067411210101384386, '875': 0.0059153964886298543, '955': 0.0059841243872562283, '1610': 0.0064456835926438756, '41': 0.0054983707646337841, '1': 0.0064282565592573239, '1690': 0.0059675782775649661, '915': 0.0056141815864695953, '1650': 0.0056453836866869377, '81': 0.0068453340253864341}"
"{'995': 1.6917882343592718e-05, '1730': 1.601647766417628e-05, 'sum': 6.1528259034173191e-05, '875': 1.3957419705546852e-05, '955': 1.3262831913985726e-05, '1610': 1.4034134404757636e-05, '41': 1.5141091558520122e-05, '1': 1.6931398478944527e-05, '1690': 2.4101240391866046e-05, '915': 1.9434985310855124e-05, '1650': 1.4679038413071123e-05, '81': 1.6701487183344839e-05}"
4,Y2,9
"{'995': 0.0082209747141370401, '1730': 0.0081265194592281022, 'sum': 0.084162396020614177, '875': 0.0075682470789895607, '955': 0.0073625590974608296, '1610': 0.0081892637894130666, '41': 0.0068186499858991457, '1': 0.0079395642074254844, '1690': 0.0074342269128045207, '915': 0.0069890850617621951, '1650': 0.0070529057859228207, '81': 0.0084603986917780004}"
"{'995': 2.6098927036356205e-05, '1730': 2.7161748472485531e-05, 'sum': 0.00010431689004053643, '875': 2.2870728425558637e-05, '955': 2.1429299894827437e-05, '1610': 2.7726635560825389e-05, '41': 2.1703924179515294e-05, '1': 3.0804517841345635e-05, '1690': 2.7569272923212682e-05, '915': 2.3926418135654245e-05, '1650': 2.5230023669410979e-05, '81': 2.9691693638888837e-05}"
4,Y2,10
"{'995': 0.0088671308704743202, '1730': 0.0087413397781989158, 'sum': 0.090575337848242593, '875': 0.0082307626475013936, '955': 0.0079030896281348725, '1610': 0.0088092549064872315, '41': 0.0072742242767822509, '1': 0.0085016938072501446, '1690': 0.0079586130073841885, '915': 0.0074778146694834324, '1650': 0.0076271553578622199, '81': 0.0091842581317120916}"
"{'995': 2.2539680089293674e-05, '1730': 1.7621340904079349e-05, 'sum': 5.5712272653007943e-05, '875': 1.931919163617916e-05, '955': 1.6835732889459065e-05, '1610': 1.6278315638577808e-05, '41': 2.256592532261189e-05, '1': 2.021777154006287e-05, '1690': 2.0232090596108075e-05, '915': 1.9853806590364894e-05, '1650': 2.5211160855851754e-05, '81': 1.797685782251448e-05}"
4,Y2,11
"{'995': 0.008192754493883023, '1730': 0.0080985863907979093, 'sum': 0.08408036398199889, '875': 0.0076403426758658429, '955': 0.0073802871450495263, '1610': 0.0081785375324006267, '41': 0.006789426229750881, '1': 0.0079466081045281422, '1690': 0.0074398411043847985, '915': 0.00690870126709342, '1650': 0.0070052720033205469, '81': 0.0085000069095538221}"
"{'995': 1.998266190845084e-05, '1730': 1.5982192120327724e-05, 'sum': 6.3079983398620724e-05, '875': 2.1795212524428683e-05, '955': 2.2965499635199178e-05, '1610': 2.004414458521754e-05, '41': 2.2071291543656644e-05, '1': 2.2185624236139706e-05, '1690': 1.8779547417689884e-05, '915': 1.623373028474431e-05, '1650': 1.8457748222373073e-05, '81': 2.1865401016333281e-05}"
4,Y2,12
"{'995': 0.0064869963874419527, '1730': 0.0064940501858169837, 'sum': 0.067290840463505849, '875': 0.0058809542355851997, '955': 0.0060144750168547034, '1610': 0.0064251244766637683, '41': 0.0054918207849065466, '1': 0.0064261808680991335, '1690': 0.00600837516443183, '915': 0.0055948662209428018, '1650': 0.0056753765869264798, '81': 0.0067926205617065234}"
"{'995': 2.1793703366724825e-05, '1730': 2.8913241775244586e-05, 'sum': 7.0122524433844513e-05, '875': 2.0348200620783159e-05, '955': 2.3893359924528549e-05, '1610': 1.9713621644927316e-05, '41': 2.0205442797031786e-05, '1': 1.6963091471879618e-05, '1690': 1.9181916704633187e-05, '915': 1.8470260292549258e-05, '1650': 2.178462185105659e-05, '81': 2.22116120907889e-05}"
4,Y2,13
"{'995': 0.004356022190768272, '1730': 0.0044250375591218475, 'sum': 0.045937401242554188, '875': 0.0038724356621969492, '955': 0.0042461953475140032, '1610': 0.0042409257381223146, '41': 0.0038316665042657403, '1': 0.0044150164932943879, '1690': 0.0041708943201228975, '915': 0.0038526243588421494, '1650': 0.0038725417747627945, '81': 0.0046540412586182356}"
"{'995': 1.5946150908284461e-05, '1730': 1.7149309639701013e-05, 'sum': 6.6900629907583708e-05, '875': 1.3378424209461278e-05, '955': 1.542765215814531e-05, '1610': 1.4348281027331303e-05, '41': 1.7085399651171169e-05, '1': 1.8526739724059227e-05, '1690': 1.8927185114419263e-05, '915': 1.6258416370253186e-05, '1650': 1.5814037276018424e-05, '81': 2.4071164741081874e-05}"
4,Y2,14
"{'995': 0.0024999633538894928, '1730': 0.0025733954971656203, 'sum': 0.026827871297987606, '875': 0.0021023775826996337, '955': 0.0025765639819348087, '1610': 0.0023840759576369938, '41': 0.0023007966900387635, '1': 0.0025776129735347172, '1690': 0.0024970635467280564, '915': 0.0023136189332805001, '1650': 0.0022861496097623156, '81': 0.0027162534310124242}"
"{'995': 9.8489891022721302e-06, '1730': 1.1999515226086208e-05, 'sum': 3.5586048128086973e-05, '875': 1.2648839914535244e-05, '955': 1.018704156173687e-05, '1610': 1.126592817466567e-05, '41': 1.099995496183301e-05, '1': 1.1823472794294887e-05, '1690': 1.0937395821912282e-05, '915': 7.5298391016443004e-06, '1650': 1.2828725445955365e-05, '81': 1.2438957613248445e-05}"
4,Y2,15
"{'995': 0.0012219591323841125, '1730': 0.0012903190738065764, 'sum': 0.013438099717840235, '875': 0.00096158550289320824, '955': 0.0013452462128740043, '1610': 0.0011318653024376391, '41': 0.0011953150363084167, '1': 0.0012797476461236465, '1690': 0.0012876676900827504, '915': 0.0011823273912825165, '1650': 0.0011550840064685078, '81': 0.0013869824408097788}"
"{'995': 7.1528828151475605e-06, '1730': 7.6883728138223363e-06, 'sum': 2.0158876749571306e-05, '875': 6.4740813796844576e-06, '955': 6.1164882484771772e-06, '1610': 6.9603237536015994e-06, '41': 9.5923058542857973e-06, '1': 7.0247028348819745e-06, '1690': 7.6837824070440832e-06, '915': 9.6437567909008569e-06, '1650': 9.3593241001861076e-06, '81': 7.3847147157805857e-06}"
4,Y2,16
"{'995': 0.00050779051299945546, '1730': 0.00053833237275127959, 'sum': 0.0058601564438692452, '875': 0.00038768865513326282, '955': 0.00062020864249367656, '1610': 0.00046102750789502571, '41': 0.00053154809625241268, '1': 0.0005682829360011965, '1690': 0.00058087858307207451, '915': 0.0005355684401804645, '1650': 0.00052181912730608524, '81': 0.00060701159688098167}"
"{'995': 6.7010062576502096e-06, '1730': 7.1726421297769075e-06, 'sum': 1.9109916360385595e-05, '875': 5.3256001375832841e-06, '955': 6.6678517737767186e-06, '1610': 6.4925805881460215e-06, '41': 6.5893443108719211e-06, '1': 7.798183888381004e-06, '1690': 5.0138945789933841e-06, '915': 6.715667166243198e-06, '1650': 6.2276955274485498e-06, '81': 7.2739238370453619e-06}"
4,Y2,17
"{'995': 0.00019974622185915135, '1730': 0.00020301820376726726, 'sum': 0.0023045244340140084, '875': 0.00013864561920994535, '955': 0.00025184785436767223, '1610': 0.00016375672958719617, '41': 0.00022161665849405556, '1': 0.00020416693923135215, '1690': 0.00023260704731980624, '915': 0.00022206838128533072, '1650': 0.00021878231927985325, '81': 0.00024826846492942423}"
"{'995': 3.3077884527884246e-06, '1730': 2.9655419699909785e-06, 'sum': 1.1943412559073298e-05, '875': 2.7313698553559154e-06, '955': 3.2747943489796493e-06, '1610': 2.7521680762431348e-06, '41': 3.828904886281071e-06, '1': 2.7309549161660652e-06, '1690': 3.8624522445937852e-06, '915': 3.8413748270028465e-06, '1650': 2.5909006364575988e-06, '81': 3.699189947384659e-06}"
4,Y2,18
"{'995': 7.2415720178806053e-05, '1730': 8.1577896775410477e-05, 'sum': 0.00082799611845985055, '875': 6.0701509937644005e-05, '955': 9.3588207231800038e-05, '1610': 5.9696976408034699e-05, '41': 9.1614442849445531e-05, '1': 7.7539920851079475e-05, '1690': 9.8352557904069754e-05, '915': 8.4536286724162186e-05, '1650': 9.0002725267334399e-05, '81': 9.3305561879080618e-05}"
"{'995': 1.7090671699263556e-06, '1730': 1.8871209802477179e-06, 'sum': 9.004047116158689e-06, '875': 1.5517997969475021e-06, '955': 2.1340242107164482e-06, '1610': 1.201663431830053e-06, '41': 2.0843661988924999e-06, '1': 1.9719987457674245e-06, '1690': 1.4663790846575047e-06, '915': 1.7571947332707714e-06, '1650': 1.7038954620623924e-06, '81': 1.6474404501212442e-06}"
4,Y2,19
"{'995': 4.1545365093043074e-05, '1730': 4.0877710853237657e-05, 'sum': 7.6379830716177821e-05, '875': 3.8994136411929502e-05, '955': 3.9327941703959371e-05, '1610': 3.4857411810662599e-05, '41': 5.0033448496833442e-05, '1': 4.196260852040723e-05, '1690': 4.1378428431926298e-05, '915': 4.7899495257297531e-05, '1650': 4.2987812048522758e-05, '81': 4.7982977412175388e-05}"
"{'995': 5.6527575396003225e-06, '1730': 2.2280135636732742e-06, 'sum': 1.3881489730760502e-05, '875': 2.9203407342165177e-06, '955': 3.3978318461402598e-06, '1610': 2.007817061057705e-06, '41': 5.3864718783877453e-06, '1': 5.3895133385829193e-06, '1690': 3.7234839495242013e-06, '915': 5.2493740284345087e-06, '1650': 2.9794880931090262e-06, '81': 6.5624384221886485e-06}"
