"ScanNumber, ScanName, ScanPointNumber, corr_Xcoord in mm per BX, corr_Ycoord in mm per BX"
Scan_1
1,X1,1,"{'771': -0.00089482352122156254, '2211': -0.00086985697094428451, '51': -0.00086885660644895116, '2674': -0.00079256961567847806, '1631': -0.00083073031620109223}","{'771': 0.0, '2211': 0.0, '51': 0.0, '2674': 0.0, '1631': 0.0}"
1,X1,2,"{'771': -0.00097718464564375859, '2211': -0.00095009169344443839, '51': -0.00094900962840362569, '2674': -0.00086570824955663499, '1631': -0.00090754129802633071}","{'771': 0.0, '2211': 0.0, '51': 0.0, '2674': 0.0, '1631': 0.0}"
1,X1,3,"{'771': -0.0010762363212397097, '2211': -0.0010465577160477762, '51': -0.0010454866801515501, '2674': -0.00095358303549200889, '1631': -0.00099996919514200354}","{'771': 0.0, '2211': 0.0, '51': 0.0, '2674': 0.0, '1631': 0.0}"
1,X1,4,"{'771': -0.0011967193807123828, '2211': -0.001164112080627992, '51': -0.001162933790704234, '2674': -0.0010608181760374932, '1631': -0.0011126223118699476}","{'771': 0.0, '2211': 0.0, '51': 0.0, '2674': 0.0, '1631': 0.0}"
1,X1,5,"{'771': -0.0013440831385656358, '2211': -0.0013083883969293138, '51': -0.001306359614150541, '2674': -0.0011931640063403549, '1631': -0.0012508409138606328}","{'771': 0.0, '2211': 0.0, '51': 0.0, '2674': 0.0, '1631': 0.0}"
1,X1,6,"{'771': -0.0015205129972005931, '2211': -0.0014818510279784047, '51': -0.0014774807680810504, '2674': -0.001354509944313698, '1631': -0.0014170427614241914}","{'771': 0.0, '2211': 0.0, '51': 0.0, '2674': 0.0, '1631': 0.0}"
1,X1,7,"{'771': -0.001717064917545165, '2211': -0.0016767916419858878, '51': -0.001666852984418343, '2674': -0.0015392192469810446, '1631': -0.0016035839714224768}","{'771': 0.0, '2211': 0.0, '51': 0.0, '2674': 0.0, '1631': 0.0}"
1,X1,8,"{'771': -0.001899017720617526, '2211': -0.0018600561151786445, '51': -0.001840020087888745, '2674': -0.001719740667184583, '1631': -0.0017781846044800337}","{'771': 0.0, '2211': 0.0, '51': 0.0, '2674': 0.0, '1631': 0.0}"
1,X1,9,"{'771': -0.0019948449492861956, '2211': -0.0019608835253512058, '51': -0.0019277085915285436, '2674': -0.0018303270342088576, '1631': -0.0018734900423591756}","{'771': 0.0, '2211': 0.0, '51': 0.0, '2674': 0.0, '1631': 0.0}"
1,X1,10,"{'771': -0.0019020784045459779, '2211': -0.0018768365366467377, '51': -0.0018326209690027579, '2674': -0.0017694774865289276, '1631': -0.0017916085254171029}","{'771': 0.0, '2211': 0.0, '51': 0.0, '2674': 0.0, '1631': 0.0}"
1,X1,11,"{'771': -0.0015293752779841437, '2211': -0.0015140094074141814, '51': -0.0014695117593364474, '2674': -0.0014402620829156558, '1631': -0.001444011008693467}","{'771': 0.0, '2211': 0.0, '51': 0.0, '2674': 0.0, '1631': 0.0}"
1,X1,12,"{'771': -0.00086079424884916438, '2211': -0.0008539755231425308, '51': -0.00082555125561960057, '2674': -0.00081738410048235149, '1631': -0.00081405045700298263}","{'771': 0.0, '2211': 0.0, '51': 0.0, '2674': 0.0, '1631': 0.0}"
1,X1,13,"{'771': 1.2337916378256155e-06, '2211': 1.2249715075654879e-06, '51': 1.1825260792317719e-06, '2674': 1.175012521713138e-06, '1631': 1.1674065783716422e-06}","{'771': 0.0, '2211': 0.0, '51': 0.0, '2674': 0.0, '1631': 0.0}"
1,X1,14,"{'771': 0.0008629860149881759, '2211': 0.00085617784325689407, '51': 0.0008276914691483265, '2674': 0.0008194820620720572, '1631': 0.00081614883499908869}","{'771': 0.0, '2211': 0.0, '51': 0.0, '2674': 0.0, '1631': 0.0}"
1,X1,15,"{'771': 0.0015306870957729451, '2211': 0.0015153693035080634, '51': 0.0014708230304591836, '2674': 0.0014414313862369777, '1631': 0.001445376713775103}","{'771': 0.0, '2211': 0.0, '51': 0.0, '2674': 0.0, '1631': 0.0}"
1,X1,16,"{'771': 0.0019026089774532623, '2211': 0.0018774161315437102, '51': 0.0018331312185034961, '2674': 0.0017700207442740924, '1631': 0.0017921564782509818}","{'771': 0.0, '2211': 0.0, '51': 0.0, '2674': 0.0, '1631': 0.0}"
1,X1,17,"{'771': 0.0019945543851296941, '2211': 0.0019607554662192128, '51': 0.001927500318964465, '2674': 0.0018298623211539474, '1631': 0.0018732992543325578}","{'771': 0.0, '2211': 0.0, '51': 0.0, '2674': 0.0, '1631': 0.0}"
1,X1,18,"{'771': 0.001898413744352692, '2211': 0.001859496296884791, '51': 0.0018395426504348434, '2674': 0.0017192447563226874, '1631': 0.0017776848712964199}","{'771': 0.0, '2211': 0.0, '51': 0.0, '2674': 0.0, '1631': 0.0}"
1,X1,19,"{'771': 0.0017163547920028424, '2211': 0.0016760700851602194, '51': 0.0016661950707265321, '2674': 0.0015385449297931676, '1631': 0.0016028408823477492}","{'771': 0.0, '2211': 0.0, '51': 0.0, '2674': 0.0, '1631': 0.0}"
1,X1,20,"{'771': 0.0015199343913066912, '2211': 0.0014812406664874605, '51': 0.0014769033760143567, '2674': 0.0013538477467568738, '1631': 0.0014165329286483274}","{'771': 0.0, '2211': 0.0, '51': 0.0, '2674': 0.0, '1631': 0.0}"
1,X1,21,"{'771': 0.0013435289884147887, '2211': 0.0013077634558801465, '51': 0.0013058411570289093, '2674': 0.0011928873399906096, '1631': 0.0012503343793014714}","{'771': 0.0, '2211': 0.0, '51': 0.0, '2674': 0.0, '1631': 0.0}"
1,X1,22,"{'771': 0.0011962622815025301, '2211': 0.0011637103152782665, '51': 0.0011624767032510253, '2674': 0.0010605218028160856, '1631': 0.0011122484808284584}","{'771': 0.0, '2211': 0.0, '51': 0.0, '2674': 0.0, '1631': 0.0}"
1,X1,23,"{'771': 0.0010757766759678117, '2211': 0.0010461479685527123, '51': 0.0010451132740235769, '2674': 0.00095322295012655392, '1631': 0.00099953818339748807}","{'771': 0.0, '2211': 0.0, '51': 0.0, '2674': 0.0, '1631': 0.0}"
1,X1,24,"{'771': 0.00097687531841762158, '2211': 0.00094972614576307329, '51': 0.00094870158066547375, '2674': 0.00086528808216505024, '1631': 0.00090719880897587111}","{'771': 0.0, '2211': 0.0, '51': 0.0, '2674': 0.0, '1631': 0.0}"
1,X1,25,"{'771': 0.00089444297874385751, '2211': 0.00086952819984904004, '51': 0.00086847302070869163, '2674': 0.00079228676435030929, '1631': 0.00083042547038699333}","{'771': 0.0, '2211': 0.0, '51': 0.0, '2674': 0.0, '1631': 0.0}"
Scan_2
2,Y2,1,"{'771': 0.0, '2211': 0.0, '51': 0.0, '2674': 0.0, '1631': 0.0}","{'771': -0.00082564871959580927, '2211': -0.00080167092941634108, '51': -0.00079975199822238487, '2674': -0.00073069764189440643, '1631': -0.00076412645644335171}"
2,Y2,2,"{'771': 0.0, '2211': 0.0, '51': 0.0, '2674': 0.0, '1631': 0.0}","{'771': -0.00089979663124729002, '2211': -0.00087353480233382083, '51': -0.00087137465934804714, '2674': -0.00079622922318204595, '1631': -0.00083249340438409729}"
2,Y2,3,"{'771': 0.0, '2211': 0.0, '51': 0.0, '2674': 0.0, '1631': 0.0}","{'771': -0.00098841215493157748, '2211': -0.00095941236950490842, '51': -0.00095693948303069386, '2674': -0.00087458227998864029, '1631': -0.00091417641668077761}"
2,Y2,4,"{'771': 0.0, '2211': 0.0, '51': 0.0, '2674': 0.0, '1631': 0.0}","{'771': -0.0010958935296750375, '2211': -0.0010636319382800745, '51': -0.0010605785480783888, '2674': -0.00096968850155232269, '1631': -0.0010132009647773517}"
2,Y2,5,"{'771': 0.0, '2211': 0.0, '51': 0.0, '2674': 0.0, '1631': 0.0}","{'771': -0.0012274490811166779, '2211': -0.0011914477312445465, '51': -0.0011874780311952912, '2674': -0.0010869169888867115, '1631': -0.0011347177320176068}"
2,Y2,6,"{'771': 0.0, '2211': 0.0, '51': 0.0, '2674': 0.0, '1631': 0.0}","{'771': -0.0013875442607515726, '2211': -0.0013478656480106254, '51': -0.0013419591600099894, '2674': -0.0012314011219045086, '1631': -0.0012836305978352813}"
2,Y2,7,"{'771': 0.0, '2211': 0.0, '51': 0.0, '2674': 0.0, '1631': 0.0}","{'771': -0.0015731211236051617, '2211': -0.0015312767029134066, '51': -0.0015213877100406386, '2674': -0.0014037505686525264, '1631': -0.0014591351110703845}"
2,Y2,8,"{'771': 0.0, '2211': 0.0, '51': 0.0, '2674': 0.0, '1631': 0.0}","{'771': -0.0017591902843734403, '2211': -0.0017193376153978113, '51': -0.0017022170943085651, '2674': -0.0015860899023191904, '1631': -0.0016407816966846781}"
2,Y2,9,"{'771': 0.0, '2211': 0.0, '51': 0.0, '2674': 0.0, '1631': 0.0}","{'771': -0.0018809177233629574, '2211': -0.0018493550889641277, '51': -0.0018220302404438479, '2674': -0.0017217630390241078, '1631': -0.0017693545429670822}"
2,Y2,10,"{'771': 0.0, '2211': 0.0, '51': 0.0, '2674': 0.0, '1631': 0.0}","{'771': -0.0018321659524873032, '2211': -0.0018141009222082628, '51': -0.0017773160789897767, '2674': -0.0017073968631380327, '1631': -0.0017411946884009733}"
2,Y2,11,"{'771': 0.0, '2211': 0.0, '51': 0.0, '2674': 0.0, '1631': 0.0}","{'771': -0.0014950163872282719, '2211': -0.0014899542119553948, '51': -0.0014600909676688494, '2674': -0.0014165271133043866, '1631': -0.0014343413844270507}"
2,Y2,12,"{'771': 0.0, '2211': 0.0, '51': 0.0, '2674': 0.0, '1631': 0.0}","{'771': -0.00085809557457380283, '2211': -0.00085906412217173062, '51': -0.0008345095254491152, '2674': -0.00082251948367238975, '1631': -0.00082880043959941945}"
2,Y2,13,"{'771': 0.0, '2211': 0.0, '51': 0.0, '2674': 0.0, '1631': 0.0}","{'771': 7.0558115430535506e-07, '2211': 7.0751718268734793e-07, '51': 6.8646467250147651e-07, '2674': 6.7915763192356072e-07, '1631': 6.8317552468255029e-07}"
2,Y2,14,"{'771': 0.0, '2211': 0.0, '51': 0.0, '2674': 0.0, '1631': 0.0}","{'771': 0.00085911751552229093, '2211': 0.00086010569278869534, '51': 0.00083554592313391982, '2674': 0.00082356832151867399, '1631': 0.00082984781474288675}"
2,Y2,15,"{'771': 0.0, '2211': 0.0, '51': 0.0, '2674': 0.0, '1631': 0.0}","{'771': 0.001503286074780914, '2211': 0.0014981235268177234, '51': 0.0014604460056275737, '2674': 0.0014244542925933609, '1631': 0.0014423762951802093}"
2,Y2,16,"{'771': 0.0, '2211': 0.0, '51': 0.0, '2674': 0.0, '1631': 0.0}","{'771': 0.0018319907073090205, '2211': 0.0018139003167924068, '51': 0.0017771783106873174, '2674': 0.0017073497433585146, '1631': 0.0017410285928005412}"
2,Y2,17,"{'771': 0.0, '2211': 0.0, '51': 0.0, '2674': 0.0, '1631': 0.0}","{'771': 0.0018803769426987648, '2211': 0.0018487954813771528, '51': 0.0018214537682821627, '2674': 0.0017212532169690556, '1631': 0.0017688847474486426}"
2,Y2,18,"{'771': 0.0, '2211': 0.0, '51': 0.0, '2674': 0.0, '1631': 0.0}","{'771': 0.0017584236166497634, '2211': 0.0017186359921273946, '51': 0.0017014652439728609, '2674': 0.0015854287661761579, '1631': 0.0016402078008219698}"
2,Y2,19,"{'771': 0.0, '2211': 0.0, '51': 0.0, '2674': 0.0, '1631': 0.0}","{'771': 0.0015726384308710601, '2211': 0.0015307788436005163, '51': 0.001520955312932867, '2674': 0.0014031628196421364, '1631': 0.0014586755601185223}"
2,Y2,20,"{'771': 0.0, '2211': 0.0, '51': 0.0, '2674': 0.0, '1631': 0.0}","{'771': 0.0013869896620958243, '2211': 0.0013473663421543058, '51': 0.0013414582038808521, '2674': 0.00123091555307423, '1631': 0.0012831602453906711}"
2,Y2,21,"{'771': 0.0, '2211': 0.0, '51': 0.0, '2674': 0.0, '1631': 0.0}","{'771': 0.0012268673998408132, '2211': 0.0011909454838885426, '51': 0.0011870112148921394, '2674': 0.001086359612721398, '1631': 0.0011342306261700134}"
2,Y2,22,"{'771': 0.0, '2211': 0.0, '51': 0.0, '2674': 0.0, '1631': 0.0}","{'771': 0.0010954123067006094, '2211': 0.0010631712346431711, '51': 0.0010601433623198227, '2674': 0.00096930598312048623, '1631': 0.0010127984146203644}"
2,Y2,23,"{'771': 0.0, '2211': 0.0, '51': 0.0, '2674': 0.0, '1631': 0.0}","{'771': 0.00098805813434068158, '2211': 0.0009590708714506533, '51': 0.00095659724553699753, '2674': 0.00087428582268339432, '1631': 0.00091386573625399108}"
2,Y2,24,"{'771': 0.0, '2211': 0.0, '51': 0.0, '2674': 0.0, '1631': 0.0}","{'771': 0.00089949715487863951, '2211': 0.00087322762359065954, '51': 0.00087108767530963882, '2674': 0.00079594857995886217, '1631': 0.00083222810919297374}"
2,Y2,25,"{'771': 0.0, '2211': 0.0, '51': 0.0, '2674': 0.0, '1631': 0.0}","{'771': 0.00082531363509010891, '2211': 0.00080131194689505366, '51': 0.00079941567682341398, '2674': 0.00073038309477076418, '1631': 0.00076385050302107212}"
Scan_4
4,X4,1,"{'771': -0.00089448989732673618, '2211': -0.00086929937421020267, '51': -0.00086785103775101693, '2674': -0.00079193816509065768, '1631': -0.00082952779303095128}","{'771': 0.0, '2211': 0.0, '51': 0.0, '2674': 0.0, '1631': 0.0}"
4,X4,2,"{'771': -0.00097702949947835356, '2211': -0.00094960662087410427, '51': -0.00094803318388930725, '2674': -0.00086508878615965351, '1631': -0.00090613082235612623}","{'771': 0.0, '2211': 0.0, '51': 0.0, '2674': 0.0, '1631': 0.0}"
4,X4,3,"{'771': -0.0010762174710877729, '2211': -0.0010461742235553318, '51': -0.0010444189320065514, '2674': -0.00095315510212054717, '1631': -0.0009983182939810784}","{'771': 0.0, '2211': 0.0, '51': 0.0, '2674': 0.0, '1631': 0.0}"
4,X4,4,"{'771': -0.0011972024336737495, '2211': -0.0011640241235655788, '51': -0.0011619028747296592, '2674': -0.0010608457838571885, '1631': -0.0011108506561012487}","{'771': 0.0, '2211': 0.0, '51': 0.0, '2674': 0.0, '1631': 0.0}"
4,X4,5,"{'771': -0.0013449876985386329, '2211': -0.0013084677439379631, '51': -0.0013053958740598223, '2674': -0.0011936738015515056, '1631': -0.0012488276468003027}","{'771': 0.0, '2211': 0.0, '51': 0.0, '2674': 0.0, '1631': 0.0}"
4,X4,6,"{'771': -0.001521890264902973, '2211': -0.0014821624805617568, '51': -0.0014769031510765683, '2674': -0.0013556272212516679, '1631': -0.0014149010565758366}","{'771': 0.0, '2211': 0.0, '51': 0.0, '2674': 0.0, '1631': 0.0}"
4,X4,7,"{'771': -0.0017184289635646204, '2211': -0.001676848087480491, '51': -0.0016669445392248391, '2674': -0.0015418251515673719, '1631': -0.0016014507518765737}","{'771': 0.0, '2211': 0.0, '51': 0.0, '2674': 0.0, '1631': 0.0}"
4,X4,8,"{'771': -0.0019000306959879971, '2211': -0.0018593759392778247, '51': -0.0018416151542949681, '2674': -0.0017244959920308018, '1631': -0.0017768410861106053}","{'771': 0.0, '2211': 0.0, '51': 0.0, '2674': 0.0, '1631': 0.0}"
4,X4,9,"{'771': -0.0019943825551579407, '2211': -0.00195859443189872, '51': -0.0019308841524230957, '2674': -0.0018372644689250998, '1631': -0.0018731323222847599}","{'771': 0.0, '2211': 0.0, '51': 0.0, '2674': 0.0, '1631': 0.0}"
4,X4,10,"{'771': -0.0019000275124234549, '2211': -0.0018729998658210346, '51': -0.0018373217775736075, '2674': -0.0017783892392883227, '1631': -0.0017926789922143712}","{'771': 0.0, '2211': 0.0, '51': 0.0, '2674': 0.0, '1631': 0.0}"
4,X4,11,"{'771': -0.0015263813896398801, '2211': -0.0015094131660537472, '51': -0.001474309003122985, '2674': -0.0014485264377439191, '1631': -0.0014457556265742022}","{'771': 0.0, '2211': 0.0, '51': 0.0, '2674': 0.0, '1631': 0.0}"
4,X4,12,"{'771': -0.00085853259984967672, '2211': -0.00085086416094701245, '51': -0.00082862944080282317, '2674': -0.00082246331207456503, '1631': -0.00081535952554055507}","{'771': 0.0, '2211': 0.0, '51': 0.0, '2674': 0.0, '1631': 0.0}"
4,X4,13,"{'771': 1.230224097618417e-06, '2211': 1.2201848429865395e-06, '51': 1.1870233328151828e-06, '2674': 1.1823526875425368e-06, '1631': 1.169393619951164e-06}","{'771': 0.0, '2211': 0.0, '51': 0.0, '2674': 0.0, '1631': 0.0}"
4,X4,14,"{'771': 0.00086068924305702935, '2211': 0.00085303995890398474, '51': 0.00083071701170547147, '2674': 0.00082450875199586581, '1631': 0.0008174063310111882}","{'771': 0.0, '2211': 0.0, '51': 0.0, '2674': 0.0, '1631': 0.0}"
4,X4,15,"{'771': 0.0015276408679944242, '2211': 0.0015107090862056757, '51': 0.0014755983562266613, '2674': 0.0014496066189251366, '1631': 0.0014469724235161726}","{'771': 0.0, '2211': 0.0, '51': 0.0, '2674': 0.0, '1631': 0.0}"
4,X4,16,"{'771': 0.0019003666525711101, '2211': 0.0018732543306961946, '51': 0.0018376309487160632, '2674': 0.0017782255097546359, '1631': 0.0017929254066171086}","{'771': 0.0, '2211': 0.0, '51': 0.0, '2674': 0.0, '1631': 0.0}"
4,X4,17,"{'771': 0.0019939482878940642, '2211': 0.0019582528021243896, '51': 0.0019305391187875876, '2674': 0.0018366891840654765, '1631': 0.0018727417275855435}","{'771': 0.0, '2211': 0.0, '51': 0.0, '2674': 0.0, '1631': 0.0}"
4,X4,18,"{'771': 0.0018991605543047508, '2211': 0.0018584809177462369, '51': 0.0018408305107017703, '2674': 0.0017235419816961756, '1631': 0.0017759814229550233}","{'771': 0.0, '2211': 0.0, '51': 0.0, '2674': 0.0, '1631': 0.0}"
4,X4,19,"{'771': 0.0017175883315885027, '2211': 0.0016759532011680726, '51': 0.0016661579168696372, '2674': 0.0015408685915460141, '1631': 0.0016006047152347729}","{'771': 0.0, '2211': 0.0, '51': 0.0, '2674': 0.0, '1631': 0.0}"
4,X4,20,"{'771': 0.001520979241895012, '2211': 0.001481218815171201, '51': 0.0014760306397936058, '2674': 0.0013547350671647539, '1631': 0.0014140025781738746}","{'771': 0.0, '2211': 0.0, '51': 0.0, '2674': 0.0, '1631': 0.0}"
4,X4,21,"{'771': 0.0013441014553774036, '2211': 0.0013075904210894458, '51': 0.0013045635415438372, '2674': 0.0011927298483930342, '1631': 0.0012480275458712977}","{'771': 0.0, '2211': 0.0, '51': 0.0, '2674': 0.0, '1631': 0.0}"
4,X4,22,"{'771': 0.0011963710545681784, '2211': 0.0011632597162757013, '51': 0.001161151522099647, '2674': 0.0010599571941572272, '1631': 0.0011101377219510922}","{'771': 0.0, '2211': 0.0, '51': 0.0, '2674': 0.0, '1631': 0.0}"
4,X4,23,"{'771': 0.0010755269595573017, '2211': 0.0010454989866679968, '51': 0.0010437502068164134, '2674': 0.00095251887901191769, '1631': 0.00099770860941071236}","{'771': 0.0, '2211': 0.0, '51': 0.0, '2674': 0.0, '1631': 0.0}"
4,X4,24,"{'771': 0.00097630543565681326, '2211': 0.00094897577256136071, '51': 0.000947386099792739, '2674': 0.00086453829466876962, '1631': 0.00090556030328927447}","{'771': 0.0, '2211': 0.0, '51': 0.0, '2674': 0.0, '1631': 0.0}"
4,X4,25,"{'771': 0.00089386110755165738, '2211': 0.00086871132305019769, '51': 0.00086727577934786883, '2674': 0.00079143817704975495, '1631': 0.00082900714406836736}","{'771': 0.0, '2211': 0.0, '51': 0.0, '2674': 0.0, '1631': 0.0}"
Scan_3
3,Y3,1,"{'771': 0.0, '2211': 0.0, '51': 0.0, '2674': 0.0, '1631': 0.0}","{'771': -0.00082442671259206702, '2211': -0.00080064238856406391, '51': -0.00079916128669985066, '2674': -0.00072974314661346988, '1631': -0.0007638942059771277}"
3,Y3,2,"{'771': 0.0, '2211': 0.0, '51': 0.0, '2674': 0.0, '1631': 0.0}","{'771': -0.00089832368567844731, '2211': -0.0008723471371299621, '51': -0.00087073984109357829, '2674': -0.00079505086512556477, '1631': -0.0008322651113151085}"
3,Y3,3,"{'771': 0.0, '2211': 0.0, '51': 0.0, '2674': 0.0, '1631': 0.0}","{'771': -0.00098649491174072467, '2211': -0.00095792758690069668, '51': -0.00095611268624437877, '2674': -0.0008731547747160873, '1631': -0.00091391176169061976}"
3,Y3,4,"{'771': 0.0, '2211': 0.0, '51': 0.0, '2674': 0.0, '1631': 0.0}","{'771': -0.0010933892966580796, '2211': -0.0010617003243927057, '51': -0.0010595891089757714, '2674': -0.00096794755165103673, '1631': -0.0010129089850383348}"
3,Y3,5,"{'771': 0.0, '2211': 0.0, '51': 0.0, '2674': 0.0, '1631': 0.0}","{'771': -0.0012245271701127156, '2211': -0.0011891807151052404, '51': -0.0011864497189685982, '2674': -0.0010847824962045855, '1631': -0.0011345643902049662}"
3,Y3,6,"{'771': 0.0, '2211': 0.0, '51': 0.0, '2674': 0.0, '1631': 0.0}","{'771': -0.0013843638596190515, '2211': -0.0013452870040426609, '51': -0.0013411284414851985, '2674': -0.0012293268740111837, '1631': -0.0012836785449691448}"
3,Y3,7,"{'771': 0.0, '2211': 0.0, '51': 0.0, '2674': 0.0, '1631': 0.0}","{'771': -0.0015705716310268007, '2211': -0.0015288898615843588, '51': -0.0015214476811022594, '2674': -0.0014027873745889425, '1631': -0.001459419248543428}"
3,Y3,8,"{'771': 0.0, '2211': 0.0, '51': 0.0, '2674': 0.0, '1631': 0.0}","{'771': -0.0017590934920862342, '2211': -0.0017182794256592393, '51': -0.0017041578798908808, '2674': -0.0015886568246176558, '1631': -0.0016412995642181936}"
3,Y3,9,"{'771': 0.0, '2211': 0.0, '51': 0.0, '2674': 0.0, '1631': 0.0}","{'771': -0.001885726614667104, '2211': -0.0018513623432225579, '51': -0.0018272688968510185, '2674': -0.0017312390651818763, '1631': -0.0017703704040639529}"
3,Y3,10,"{'771': 0.0, '2211': 0.0, '51': 0.0, '2674': 0.0, '1631': 0.0}","{'771': -0.0018425566146318838, '2211': -0.0018198922905082824, '51': -0.0017861129745434183, '2674': -0.0017249396907001908, '1631': -0.0017423705588825267}"
3,Y3,11,"{'771': 0.0, '2211': 0.0, '51': 0.0, '2674': 0.0, '1631': 0.0}","{'771': -0.0015161215414431083, '2211': -0.001505737321904749, '51': -0.0014701943094339817, '2674': -0.001445580290278127, '1631': -0.0014431805078994953}"
3,Y3,12,"{'771': 0.0, '2211': 0.0, '51': 0.0, '2674': 0.0, '1631': 0.0}","{'771': -0.00086747281380532856, '2211': -0.00086490637511249481, '51': -0.00084141011795297498, '2674': -0.00083773204133992898, '1631': -0.00082967200514218002}"
3,Y3,13,"{'771': 0.0, '2211': 0.0, '51': 0.0, '2674': 0.0, '1631': 0.0}","{'771': 7.1386792936415342e-07, '2211': 7.1276743870098469e-07, '51': 6.9249875078800095e-07, '2674': 6.9257790023583274e-07, '1631': 6.8389819742192008e-07}"
3,Y3,14,"{'771': 0.0, '2211': 0.0, '51': 0.0, '2674': 0.0, '1631': 0.0}","{'771': 0.00086855081539785042, '2211': 0.00086599167377216868, '51': 0.00084248993962469411, '2674': 0.00083874973664834591, '1631': 0.00083069234623245434}"
3,Y3,15,"{'771': 0.0, '2211': 0.0, '51': 0.0, '2674': 0.0, '1631': 0.0}","{'771': 0.0015164277646441027, '2211': 0.0015060344903723563, '51': 0.0014705301179678617, '2674': 0.0014458131857063921, '1631': 0.0014435624603254186}"
3,Y3,16,"{'771': 0.0, '2211': 0.0, '51': 0.0, '2674': 0.0, '1631': 0.0}","{'771': 0.0018423636559227795, '2211': 0.001819608608172741, '51': 0.001785935444789102, '2674': 0.0017246910582551513, '1631': 0.0017421134816144152}"
3,Y3,17,"{'771': 0.0, '2211': 0.0, '51': 0.0, '2674': 0.0, '1631': 0.0}","{'771': 0.0018850643424040455, '2211': 0.0018507589915914961, '51': 0.0018267194775976813, '2674': 0.0017305924298753798, '1631': 0.0017696493108966579}"
3,Y3,18,"{'771': 0.0, '2211': 0.0, '51': 0.0, '2674': 0.0, '1631': 0.0}","{'771': 0.00175839170228035, '2211': 0.001717612791837083, '51': 0.001703508659281045, '2674': 0.0015876735984787086, '1631': 0.0016406403709482401}"
3,Y3,19,"{'771': 0.0, '2211': 0.0, '51': 0.0, '2674': 0.0, '1631': 0.0}","{'771': 0.0015698635007254588, '2211': 0.0015282014084277678, '51': 0.0015207903770919269, '2674': 0.0014019733316850093, '1631': 0.0014588126131969625}"
3,Y3,20,"{'771': 0.0, '2211': 0.0, '51': 0.0, '2674': 0.0, '1631': 0.0}","{'771': 0.0013836170418300546, '2211': 0.0013444972636575683, '51': 0.0013404799577868159, '2674': 0.0012286816632581885, '1631': 0.0012830138586841678}"
3,Y3,21,"{'771': 0.0, '2211': 0.0, '51': 0.0, '2674': 0.0, '1631': 0.0}","{'771': 0.0012238724284853793, '2211': 0.0011884637358049095, '51': 0.0011858274275155266, '2674': 0.0010842793344276278, '1631': 0.0011340128669735394}"
3,Y3,22,"{'771': 0.0, '2211': 0.0, '51': 0.0, '2674': 0.0, '1631': 0.0}","{'771': 0.001092917438366968, '2211': 0.0010612164423016224, '51': 0.0010591430665912234, '2674': 0.00096760505326410218, '1631': 0.0010124801714124674}"
3,Y3,23,"{'771': 0.0, '2211': 0.0, '51': 0.0, '2674': 0.0, '1631': 0.0}","{'771': 0.00098604727312955596, '2211': 0.00095750990057215791, '51': 0.00095569308191181747, '2674': 0.00087289200230529452, '1631': 0.00091354254973844567}"
3,Y3,24,"{'771': 0.0, '2211': 0.0, '51': 0.0, '2674': 0.0, '1631': 0.0}","{'771': 0.00089783207545036687, '2211': 0.00087187365932908678, '51': 0.00087030854173913671, '2674': 0.00079476361916293304, '1631': 0.00083187878395078838}"
3,Y3,25,"{'771': 0.0, '2211': 0.0, '51': 0.0, '2674': 0.0, '1631': 0.0}","{'771': 0.00082405337404001049, '2211': 0.00080029147660245657, '51': 0.00079882666337638875, '2674': 0.00072943580592270917, '1631': 0.00076356640893126041}"
Scan_5
5,X5,1,"{'771': -0.0011959679184380912, '2211': -0.0011609172287456958, '51': -0.0011605065654034831, '2674': -0.0010581251832005895, '1631': -0.0011091745800778324}","{'771': 0.0, '2211': 0.0, '51': 0.0, '2674': 0.0, '1631': 0.0}"
5,X5,2,"{'771': -0.0013444873404085652, '2211': -0.0013052905597436401, '51': -0.0013043763736396224, '2674': -0.0011907358718053604, '1631': -0.0012475945654113483}","{'771': 0.0, '2211': 0.0, '51': 0.0, '2674': 0.0, '1631': 0.0}"
5,X5,3,"{'771': -0.0015229447445460047, '2211': -0.0014795828669023402, '51': -0.001476656833571932, '2674': -0.0013526207525368786, '1631': -0.0014151504309980491}","{'771': 0.0, '2211': 0.0, '51': 0.0, '2674': 0.0, '1631': 0.0}"
5,X5,4,"{'771': -0.0017229382518022919, '2211': -0.0016765734878287568, '51': -0.0016682751110064255, '2674': -0.0015388767655288155, '1631': -0.0016051626205577667}","{'771': 0.0, '2211': 0.0, '51': 0.0, '2674': 0.0, '1631': 0.0}"
5,X5,5,"{'771': -0.0019100317641225204, '2211': -0.0018638243600562273, '51': -0.0018452900454886743, '2674': -0.0017214876564135787, '1631': -0.0017868983720309851}","{'771': 0.0, '2211': 0.0, '51': 0.0, '2674': 0.0, '1631': 0.0}"
5,X5,6,"{'771': -0.0020117640425832495, '2211': -0.0019702769433170854, '51': -0.0019378827754006759, '2674': -0.001835179396529624, '1631': -0.0018920376133181799}","{'771': 0.0, '2211': 0.0, '51': 0.0, '2674': 0.0, '1631': 0.0}"
5,X5,7,"{'771': -0.001923463758996932, '2211': -0.0018913835733022175, '51': -0.0018471526296252407, '2674': -0.0017771730548316969, '1631': -0.0018192910913774276}","{'771': 0.0, '2211': 0.0, '51': 0.0, '2674': 0.0, '1631': 0.0}"
5,X5,8,"{'771': -0.0015503482395824301, '2211': -0.0015299916019529602, '51': -0.0014848151638736349, '2674': -0.0014490137713132106, '1631': -0.0014736957945149102}","{'771': 0.0, '2211': 0.0, '51': 0.0, '2674': 0.0, '1631': 0.0}"
5,X5,9,"{'771': -0.00087477883307815268, '2211': -0.00086534927744325539, '51': -0.00083616754379988009, '2674': -0.0008238894209214616, '1631': -0.00083428945980527826}","{'771': 0.0, '2211': 0.0, '51': 0.0, '2674': 0.0, '1631': 0.0}"
5,X5,10,"{'771': -7.1541339279106296e-07, '2211': -7.0830550837829469e-07, '51': -6.8342697310443557e-07, '2674': -6.7570382283878427e-07, '1631': -6.8310344118619485e-07}","{'771': 0.0, '2211': 0.0, '51': 0.0, '2674': 0.0, '1631': 0.0}"
5,X5,11,"{'771': 0.0008734934081224044, '2211': 0.00086405874344068045, '51': 0.00083495565000732234, '2674': 0.00082257835390695823, '1631': 0.0008330333370121472}","{'771': 0.0, '2211': 0.0, '51': 0.0, '2674': 0.0, '1631': 0.0}"
5,X5,12,"{'771': 0.0015492949305259869, '2211': 0.0015288536771772714, '51': 0.0014837674820793031, '2674': 0.0014477563371004482, '1631': 0.0014726217438778492}","{'771': 0.0, '2211': 0.0, '51': 0.0, '2674': 0.0, '1631': 0.0}"
5,X5,13,"{'771': 0.001922597425195076, '2211': 0.0018904677617851405, '51': 0.0018461951296965182, '2674': 0.0017761756750803927, '1631': 0.0018184179245898148}","{'771': 0.0, '2211': 0.0, '51': 0.0, '2674': 0.0, '1631': 0.0}"
5,X5,14,"{'771': 0.0020112424633547911, '2211': 0.001969767755972351, '51': 0.0019373925134882333, '2674': 0.0018343199244264664, '1631': 0.0018915351256526024}","{'771': 0.0, '2211': 0.0, '51': 0.0, '2674': 0.0, '1631': 0.0}"
5,X5,15,"{'771': 0.0019096729224743121, '2211': 0.0018634712112532991, '51': 0.001845058247862094, '2674': 0.0017212514951328419, '1631': 0.001786537342774944}","{'771': 0.0, '2211': 0.0, '51': 0.0, '2674': 0.0, '1631': 0.0}"
5,X5,16,"{'771': 0.0017226179677228639, '2211': 0.0016763200020749607, '51': 0.0016679845688032757, '2674': 0.0015383745263871647, '1631': 0.0016049196970962512}","{'771': 0.0, '2211': 0.0, '51': 0.0, '2674': 0.0, '1631': 0.0}"
5,X5,17,"{'771': 0.0015227299730207948, '2211': 0.0014793174734463645, '51': 0.0014763994246399621, '2674': 0.0013523797981720648, '1631': 0.0014148825155187602}","{'771': 0.0, '2211': 0.0, '51': 0.0, '2674': 0.0, '1631': 0.0}"
5,X5,18,"{'771': 0.0013442245765562676, '2211': 0.001304986288423834, '51': 0.0013041202336107813, '2674': 0.0011906766665323806, '1631': 0.0012473936303121977}","{'771': 0.0, '2211': 0.0, '51': 0.0, '2674': 0.0, '1631': 0.0}"
5,X5,19,"{'771': 0.0011958284406165451, '2211': 0.0011607629199807364, '51': 0.0011604385162953936, '2674': 0.0010580860851038068, '1631': 0.0011090601136939594}","{'771': 0.0, '2211': 0.0, '51': 0.0, '2674': 0.0, '1631': 0.0}"
Scan_6
6,Y6,1,"{'771': 0.0, '2211': 0.0, '51': 0.0, '2674': 0.0, '1631': 0.0}","{'771': -0.0010888201127149024, '2211': -0.0010586421612140092, '51': -0.0010555100118016445, '2674': -0.00096424260853486164, '1631': -0.0010095240044130128}"
6,Y6,2,"{'771': 0.0, '2211': 0.0, '51': 0.0, '2674': 0.0, '1631': 0.0}","{'771': -0.0012193589763663361, '2211': -0.0011859529560616306, '51': -0.0011817793550715817, '2674': -0.0010804404911729719, '1631': -0.0011308502829912267}"
6,Y6,3,"{'771': 0.0, '2211': 0.0, '51': 0.0, '2674': 0.0, '1631': 0.0}","{'771': -0.0013794125607396685, '2211': -0.0013424208884249861, '51': -0.0013363484954954325, '2674': -0.0012244731879228145, '1631': -0.0012802828701781999}"
6,Y6,4,"{'771': 0.0, '2211': 0.0, '51': 0.0, '2674': 0.0, '1631': 0.0}","{'771': -0.0015677815643214449, '2211': -0.0015272408053687023, '51': -0.0015175342219015994, '2674': -0.0013974551432322775, '1631': -0.0014581709230456277}"
6,Y6,5,"{'771': 0.0, '2211': 0.0, '51': 0.0, '2674': 0.0, '1631': 0.0}","{'771': -0.0017625703457034647, '2211': -0.0017197382021865337, '51': -0.0017033806705607191, '2674': -0.0015833382257596593, '1631': -0.0016457580577103534}"
6,Y6,6,"{'771': 0.0, '2211': 0.0, '51': 0.0, '2674': 0.0, '1631': 0.0}","{'771': -0.0018999947297070343, '2211': -0.0018580238626690992, '51': -0.0018323226558990182, '2674': -0.0017272218353344686, '1631': -0.0017846659884901467}"
6,Y6,7,"{'771': 0.0, '2211': 0.0, '51': 0.0, '2674': 0.0, '1631': 0.0}","{'771': -0.0018688531112567794, '2211': -0.0018321937458428104, '51': -0.0017980557252670502, '2674': -0.0017226370935151906, '1631': -0.0017677219964433962}"
6,Y6,8,"{'771': 0.0, '2211': 0.0, '51': 0.0, '2674': 0.0, '1631': 0.0}","{'771': -0.0015472000181885066, '2211': -0.0015203034145378602, '51': -0.0014852987397200223, '2674': -0.0014448885416713702, '1631': -0.0014731424132389443}"
6,Y6,9,"{'771': 0.0, '2211': 0.0, '51': 0.0, '2674': 0.0, '1631': 0.0}","{'771': -0.00088925605688649069, '2211': -0.00087514867321120235, '51': -0.00085241180098699382, '2674': -0.00083814141093111404, '1631': -0.00085059775173041579}"
6,Y6,10,"{'771': 0.0, '2211': 0.0, '51': 0.0, '2674': 0.0, '1631': 0.0}","{'771': 5.4960980096685102e-07, '2211': 5.4121128078173248e-07, '51': 5.2655399529625025e-07, '2674': 5.1973425159894359e-07, '1631': 5.2657011918225342e-07}"
6,Y6,11,"{'771': 0.0, '2211': 0.0, '51': 0.0, '2674': 0.0, '1631': 0.0}","{'771': 0.00089014252910782409, '2211': 0.0008760268050864603, '51': 0.00085326382069703241, '2674': 0.00083906084208987047, '1631': 0.00085143674851711126}"
6,Y6,12,"{'771': 0.0, '2211': 0.0, '51': 0.0, '2674': 0.0, '1631': 0.0}","{'771': 0.0015476309983015076, '2211': 0.0015207199154671346, '51': 0.0014857361957609752, '2674': 0.0014453484065743585, '1631': 0.0014735441767483759}"
6,Y6,13,"{'771': 0.0, '2211': 0.0, '51': 0.0, '2674': 0.0, '1631': 0.0}","{'771': 0.00186872837878096, '2211': 0.0018320595760117641, '51': 0.001797963412767889, '2674': 0.0017225022866106459, '1631': 0.0017677033895505134}"
6,Y6,14,"{'771': 0.0, '2211': 0.0, '51': 0.0, '2674': 0.0, '1631': 0.0}","{'771': 0.0018995336668854094, '2211': 0.0018576104227084654, '51': 0.0018319866467101796, '2674': 0.0017267009014656804, '1631': 0.0017842208670430374}"
6,Y6,15,"{'771': 0.0, '2211': 0.0, '51': 0.0, '2674': 0.0, '1631': 0.0}","{'771': 0.0017619028900037535, '2211': 0.0017190840644083327, '51': 0.0017027700841802686, '2674': 0.001582808382881228, '1631': 0.0016451601905249815}"
6,Y6,16,"{'771': 0.0, '2211': 0.0, '51': 0.0, '2674': 0.0, '1631': 0.0}","{'771': 0.0015672996495108805, '2211': 0.0015267915167586339, '51': 0.0015170147693759439, '2674': 0.0013971156581089072, '1631': 0.001457731372377121}"
6,Y6,17,"{'771': 0.0, '2211': 0.0, '51': 0.0, '2674': 0.0, '1631': 0.0}","{'771': 0.0013789140592994791, '2211': 0.0013418829646026605, '51': 0.0013358315743184923, '2674': 0.0012241029182337799, '1631': 0.0012799053386740821}"
6,Y6,18,"{'771': 0.0, '2211': 0.0, '51': 0.0, '2674': 0.0, '1631': 0.0}","{'771': 0.0012189240782276563, '2211': 0.0011855552864187941, '51': 0.0011814207479759827, '2674': 0.0010802941777791823, '1631': 0.0011304818515243001}"
6,Y6,19,"{'771': 0.0, '2211': 0.0, '51': 0.0, '2674': 0.0, '1631': 0.0}","{'771': 0.0010855686483414, '2211': 0.001055585366344448, '51': 0.0010551530737619146, '2674': 0.00096165833137363242, '1631': 0.0010066154383774936}"
Scan_7
7,X7,1,"{'771': -0.0012004265682945966, '2211': -0.0011651605617227249, '51': -0.0011645757231719814, '2674': -0.001062063098375389, '1631': -0.0011115292626656926}","{'771': 0.0, '2211': 0.0, '51': 0.0, '2674': 0.0, '1631': 0.0}"
7,X7,2,"{'771': -0.0013495647661612722, '2211': -0.0013103782237362525, '51': -0.0013090163927786129, '2674': -0.0011956331443367903, '1631': -0.0012500224153677698}","{'771': 0.0, '2211': 0.0, '51': 0.0, '2674': 0.0, '1631': 0.0}"
7,X7,3,"{'771': -0.0015276372545506103, '2211': -0.0014849755451710575, '51': -0.0014808957500527136, '2674': -0.001358368828598079, '1631': -0.0014169487151858857}","{'771': 0.0, '2211': 0.0, '51': 0.0, '2674': 0.0, '1631': 0.0}"
7,X7,4,"{'771': -0.0017244172265214292, '2211': -0.0016801052110739167, '51': -0.001669706215213016, '2674': -0.0015443255292097492, '1631': -0.0016041428563683944}","{'771': 0.0, '2211': 0.0, '51': 0.0, '2674': 0.0, '1631': 0.0}"
7,X7,5,"{'771': -0.0019041262775999841, '2211': -0.001862308858807266, '51': -0.0018403697944269031, '2674': -0.0017246677359448639, '1631': -0.0017800417118813546}","{'771': 0.0, '2211': 0.0, '51': 0.0, '2674': 0.0, '1631': 0.0}"
7,X7,6,"{'771': -0.0019946648567169055, '2211': -0.0019604720690546591, '51': -0.0019233422880414043, '2674': -0.0018337247824843602, '1631': -0.0018765224990058922}","{'771': 0.0, '2211': 0.0, '51': 0.0, '2674': 0.0, '1631': 0.0}"
7,X7,7,"{'771': -0.0018956703453958813, '2211': -0.0018729464451383603, '51': -0.0018234444475076527, '2674': -0.0017701607698769632, '1631': -0.0017956078202942458}","{'771': 0.0, '2211': 0.0, '51': 0.0, '2674': 0.0, '1631': 0.0}"
7,X7,8,"{'771': -0.0015196470988153206, '2211': -0.0015083686467344398, '51': -0.0014587171362739988, '2674': -0.0014387540156394847, '1631': -0.0014482345510780821}","{'771': 0.0, '2211': 0.0, '51': 0.0, '2674': 0.0, '1631': 0.0}"
7,X7,9,"{'771': -0.00085377003137997621, '2211': -0.00085005953705092523, '51': -0.00081834469684335541, '2674': -0.0008158911028689626, '1631': -0.00081692885599439285}","{'771': 0.0, '2211': 0.0, '51': 0.0, '2674': 0.0, '1631': 0.0}"
7,X7,10,"{'771': 5.246686576137542e-07, '2211': 5.2295367054752335e-07, '51': 5.026362142316735e-07, '2674': 5.0299935966468898e-07, '1631': 5.0274967352203832e-07}","{'771': 0.0, '2211': 0.0, '51': 0.0, '2674': 0.0, '1631': 0.0}"
7,X7,11,"{'771': 0.00085466557324339525, '2211': 0.00085095242542422469, '51': 0.00081924324471926524, '2674': 0.00081670143978250238, '1631': 0.00081781597956266606}","{'771': 0.0, '2211': 0.0, '51': 0.0, '2674': 0.0, '1631': 0.0}"
7,X7,12,"{'771': 0.0015200789851087439, '2211': 0.0015087310752058807, '51': 0.0014590440964887576, '2674': 0.0014392517745647866, '1631': 0.001448526490241311}","{'771': 0.0, '2211': 0.0, '51': 0.0, '2674': 0.0, '1631': 0.0}"
7,X7,13,"{'771': 0.0018957048011111865, '2211': 0.0018729881685819909, '51': 0.0018235353119833127, '2674': 0.0017705764922583166, '1631': 0.0017957102573688607}","{'771': 0.0, '2211': 0.0, '51': 0.0, '2674': 0.0, '1631': 0.0}"
7,X7,14,"{'771': 0.0019945402817983554, '2211': 0.0019602453237517106, '51': 0.0019232878307671394, '2674': 0.0018336761200152701, '1631': 0.0018764679449497172}","{'771': 0.0, '2211': 0.0, '51': 0.0, '2674': 0.0, '1631': 0.0}"
7,X7,15,"{'771': 0.0019036242768234826, '2211': 0.0018618107333682433, '51': 0.0018399561136681229, '2674': 0.0017247102132622173, '1631': 0.0017795843740943003}","{'771': 0.0, '2211': 0.0, '51': 0.0, '2674': 0.0, '1631': 0.0}"
7,X7,16,"{'771': 0.0017237661156821985, '2211': 0.0016794848567031413, '51': 0.0016690822483518537, '2674': 0.0015438401043255993, '1631': 0.0016036531070950369}","{'771': 0.0, '2211': 0.0, '51': 0.0, '2674': 0.0, '1631': 0.0}"
7,X7,17,"{'771': 0.0015268719368946749, '2211': 0.0014841354361327501, '51': 0.0014801985694234559, '2674': 0.0013577138065458299, '1631': 0.0014162843451042211}","{'771': 0.0, '2211': 0.0, '51': 0.0, '2674': 0.0, '1631': 0.0}"
7,X7,18,"{'771': 0.0013488656411957151, '2211': 0.0013097147886862253, '51': 0.0013083605858883625, '2674': 0.0011951252932151527, '1631': 0.0012494610118771808}","{'771': 0.0, '2211': 0.0, '51': 0.0, '2674': 0.0, '1631': 0.0}"
7,X7,19,"{'771': 0.0011997363155754255, '2211': 0.001164570562089792, '51': 0.0011640063081184873, '2674': 0.0010615601550535995, '1631': 0.0011109715955092369}","{'771': 0.0, '2211': 0.0, '51': 0.0, '2674': 0.0, '1631': 0.0}"
Scan_8
8,Y8,1,"{'771': 0.0, '2211': 0.0, '51': 0.0, '2674': 0.0, '1631': 0.0}","{'771': -0.0010844507887484629, '2211': -0.001054529355930542, '51': -0.0010515502040755065, '2674': -0.00096067939238937705, '1631': -0.0010070944119762119}"
8,Y8,2,"{'771': 0.0, '2211': 0.0, '51': 0.0, '2674': 0.0, '1631': 0.0}","{'771': -0.0012137405015571021, '2211': -0.0011806798466855316, '51': -0.0011767731238809369, '2674': -0.0010759163043566533, '1631': -0.0011278190952134168}"
8,Y8,3,"{'771': 0.0, '2211': 0.0, '51': 0.0, '2674': 0.0, '1631': 0.0}","{'771': -0.0013722247008310857, '2211': -0.0013358361514977238, '51': -0.00132999809106864, '2674': -0.0012188220587732511, '1631': -0.0012762781065243027}"
8,Y8,4,"{'771': 0.0, '2211': 0.0, '51': 0.0, '2674': 0.0, '1631': 0.0}","{'771': -0.0015588645950137367, '2211': -0.0015197252500063602, '51': -0.0015097121877435419, '2674': -0.001391518530507447, '1631': -0.0014523097210026666}"
8,Y8,5,"{'771': 0.0, '2211': 0.0, '51': 0.0, '2674': 0.0, '1631': 0.0}","{'771': -0.0017520727673243546, '2211': -0.001712283692570304, '51': -0.0016944602095447076, '2674': -0.0015788522159570389, '1631': -0.0016370379049854276}"
8,Y8,6,"{'771': 0.0, '2211': 0.0, '51': 0.0, '2674': 0.0, '1631': 0.0}","{'771': -0.0018895332314157163, '2211': -0.0018530742984022353, '51': -0.001823851757818123, '2674': -0.0017279219043072147, '1631': -0.001772475094555697}"
8,Y8,7,"{'771': 0.0, '2211': 0.0, '51': 0.0, '2674': 0.0, '1631': 0.0}","{'771': -0.0018603553699022544, '2211': -0.0018317942615690775, '51': -0.0017915568882615452, '2674': -0.0017314548535819427, '1631': -0.0017531415888418047}"
8,Y8,8,"{'771': 0.0, '2211': 0.0, '51': 0.0, '2674': 0.0, '1631': 0.0}","{'771': -0.0015421746714318304, '2211': -0.0015240678151425499, '51': -0.0014819552202425749, '2674': -0.0014592483170680791, '1631': -0.0014591475238702786}"
8,Y8,9,"{'771': 0.0, '2211': 0.0, '51': 0.0, '2674': 0.0, '1631': 0.0}","{'771': -0.00088760245376191208, '2211': -0.00087943321483568981, '51': -0.00085167790078538054, '2674': -0.00084967538312958669, '1631': -0.0008422273742978145}"
8,Y8,10,"{'771': 0.0, '2211': 0.0, '51': 0.0, '2674': 0.0, '1631': 0.0}","{'771': -5.4806223290750919e-07, '2211': -5.4352780660359984e-07, '51': -5.2559616298885035e-07, '2674': -5.2684705699662627e-07, '1631': -5.2058141874524762e-07}"
8,Y8,11,"{'771': 0.0, '2211': 0.0, '51': 0.0, '2674': 0.0, '1631': 0.0}","{'771': 0.00088660295146696664, '2211': 0.00087844901994063942, '51': 0.00085073131958545367, '2674': 0.00084877945205837513, '1631': 0.00084130085816156222}"
8,Y8,12,"{'771': 0.0, '2211': 0.0, '51': 0.0, '2674': 0.0, '1631': 0.0}","{'771': 0.0015415967802587345, '2211': 0.0015235938403012573, '51': 0.001481411476765162, '2674': 0.0014587496733882643, '1631': 0.0014587325090147432}"
8,Y8,13,"{'771': 0.0, '2211': 0.0, '51': 0.0, '2674': 0.0, '1631': 0.0}","{'771': 0.0018602124142138496, '2211': 0.0018318097226599072, '51': 0.0017914699628380833, '2674': 0.0017310974566853838, '1631': 0.001753051492911502}"
8,Y8,14,"{'771': 0.0, '2211': 0.0, '51': 0.0, '2674': 0.0, '1631': 0.0}","{'771': 0.0018896586898272307, '2211': 0.0018532673114076326, '51': 0.0018239261763189343, '2674': 0.0017282090808803381, '1631': 0.0017727193914493808}"
8,Y8,15,"{'771': 0.0, '2211': 0.0, '51': 0.0, '2674': 0.0, '1631': 0.0}","{'771': 0.0017520660069417896, '2211': 0.0017123101653485661, '51': 0.0016944990419352215, '2674': 0.0015788695505999822, '1631': 0.0016370804757704863}"
8,Y8,16,"{'771': 0.0, '2211': 0.0, '51': 0.0, '2674': 0.0, '1631': 0.0}","{'771': 0.0015588459936703399, '2211': 0.0015196650035509164, '51': 0.0015097013678040151, '2674': 0.0013913547249764459, '1631': 0.0014523397359808992}"
8,Y8,17,"{'771': 0.0, '2211': 0.0, '51': 0.0, '2674': 0.0, '1631': 0.0}","{'771': 0.0013720691780799345, '2211': 0.0013356985614789351, '51': 0.0013298284407062076, '2674': 0.0012186622523396313, '1631': 0.0012761267270488185}"
8,Y8,18,"{'771': 0.0, '2211': 0.0, '51': 0.0, '2674': 0.0, '1631': 0.0}","{'771': 0.0012136752259485771, '2211': 0.0011806096878559313, '51': 0.0011767099618049844, '2674': 0.0010757847309906814, '1631': 0.0011277454551553924}"
8,Y8,19,"{'771': 0.0, '2211': 0.0, '51': 0.0, '2674': 0.0, '1631': 0.0}","{'771': 0.0010841981820248047, '2211': 0.0010543244639636667, '51': 0.0010514043182141364, '2674': 0.00096042513007422526, '1631': 0.0010069813885299525}"
Scan_9
9,X9,1,"{'771': -0.00089212535090584574, '2211': -0.00086701045192775312, '51': -0.00086592930488446911, '2674': -0.00078880597865026863, '1631': -0.00082750542476607623}","{'771': 0.0, '2211': 0.0, '51': 0.0, '2674': 0.0, '1631': 0.0}"
9,X9,2,"{'771': -0.00097482018430814811, '2211': -0.00094739307218241926, '51': -0.00094629092421297841, '2674': -0.00086181959124150866, '1631': -0.00090426241964153926}","{'771': 0.0, '2211': 0.0, '51': 0.0, '2674': 0.0, '1631': 0.0}"
9,X9,3,"{'771': -0.0010744597824976659, '2211': -0.0010443812012767956, '51': -0.0010431659107425885, '2674': -0.00094997061160221154, '1631': -0.00099677650068641941}","{'771': 0.0, '2211': 0.0, '51': 0.0, '2674': 0.0, '1631': 0.0}"
9,X9,4,"{'771': -0.0011959864422989535, '2211': -0.001162819173151684, '51': -0.0011612650286310948, '2674': -0.0010577133617911399, '1631': -0.0011098238093860851}","{'771': 0.0, '2211': 0.0, '51': 0.0, '2674': 0.0, '1631': 0.0}"
9,X9,5,"{'771': -0.0013447182195279578, '2211': -0.0013081940228692039, '51': -0.0013058274839495127, '2674': -0.0011906311148562122, '1631': -0.0012487789229328565}","{'771': 0.0, '2211': 0.0, '51': 0.0, '2674': 0.0, '1631': 0.0}"
9,X9,6,"{'771': -0.0015225709246240817, '2211': -0.001483118980306452, '51': -0.0014785276120553408, '2674': -0.0013524998687427469, '1631': -0.0014164351548936374}","{'771': 0.0, '2211': 0.0, '51': 0.0, '2674': 0.0, '1631': 0.0}"
9,X9,7,"{'771': -0.0017199356196530853, '2211': -0.0016789116062195302, '51': -0.001669769418389694, '2674': -0.0015378291105235542, '1631': -0.0016051708068274065}","{'771': 0.0, '2211': 0.0, '51': 0.0, '2674': 0.0, '1631': 0.0}"
9,X9,8,"{'771': -0.0019013009020396954, '2211': -0.0018619712773224112, '51': -0.001844769548134291, '2674': -0.0017183055854304338, '1631': -0.0017831182811533436}","{'771': 0.0, '2211': 0.0, '51': 0.0, '2674': 0.0, '1631': 0.0}"
9,X9,9,"{'771': -0.0019941980692532993, '2211': -0.0019607050508293794, '51': -0.0019333726255709406, '2674': -0.0018273267645695533, '1631': -0.0018817477055306316}","{'771': 0.0, '2211': 0.0, '51': 0.0, '2674': 0.0, '1631': 0.0}"
9,X9,10,"{'771': -0.0018977736214627905, '2211': -0.0018735137014286335, '51': -0.0018381322443313927, '2674': -0.0017647733684618642, '1631': -0.0018023544021024027}","{'771': 0.0, '2211': 0.0, '51': 0.0, '2674': 0.0, '1631': 0.0}"
9,X9,11,"{'771': -0.0015227197900075358, '2211': -0.0015085815042165276, '51': -0.0014736515758568963, '2674': -0.0014345441734595124, '1631': -0.0014542904094444237}","{'771': 0.0, '2211': 0.0, '51': 0.0, '2674': 0.0, '1631': 0.0}"
9,X9,12,"{'771': -0.00085571998478199912, '2211': -0.00084978535391262656, '51': -0.00082766774476304131, '2674': -0.00081338410111458568, '1631': -0.00082035225639112079}","{'771': 0.0, '2211': 0.0, '51': 0.0, '2674': 0.0, '1631': 0.0}"
9,X9,13,"{'771': 1.2257070364610967e-06, '2211': 1.2182110583314064e-06, '51': 1.1852818528949334e-06, '2674': 1.1685739351127741e-06, '1631': 1.1765695023125524e-06}","{'771': 0.0, '2211': 0.0, '51': 0.0, '2674': 0.0, '1631': 0.0}"
9,X9,14,"{'771': 0.00085778607037850438, '2211': 0.00085184907535242103, '51': 0.00082970853167904548, '2674': 0.00081536048690479307, '1631': 0.00082235384675961789}","{'771': 0.0, '2211': 0.0, '51': 0.0, '2674': 0.0, '1631': 0.0}"
9,X9,15,"{'771': 0.0015238354765503008, '2211': 0.0015096927494520141, '51': 0.0014747724387257064, '2674': 0.00143556557644344, '1631': 0.0014553116920523182}","{'771': 0.0, '2211': 0.0, '51': 0.0, '2674': 0.0, '1631': 0.0}"
9,X9,16,"{'771': 0.001897980379840425, '2211': 0.0018736474274538683, '51': 0.0018383839336252835, '2674': 0.0017647002956737588, '1631': 0.0018024953361203276}","{'771': 0.0, '2211': 0.0, '51': 0.0, '2674': 0.0, '1631': 0.0}"
9,X9,17,"{'771': 0.0019938491208230024, '2211': 0.0019602914456667646, '51': 0.001933052858088984, '2674': 0.0018268525789262521, '1631': 0.001881496162607767}","{'771': 0.0, '2211': 0.0, '51': 0.0, '2674': 0.0, '1631': 0.0}"
9,X9,18,"{'771': 0.0019005220919230323, '2211': 0.001861125319809915, '51': 0.0018440851256095276, '2674': 0.0017172791998434, '1631': 0.0017823840249603106}","{'771': 0.0, '2211': 0.0, '51': 0.0, '2674': 0.0, '1631': 0.0}"
9,X9,19,"{'771': 0.0017191701287242232, '2211': 0.0016781830272593824, '51': 0.0016690258095850227, '2674': 0.0015370403275620941, '1631': 0.0016043923486476145}","{'771': 0.0, '2211': 0.0, '51': 0.0, '2674': 0.0, '1631': 0.0}"
9,X9,20,"{'771': 0.0015217873320936943, '2211': 0.0014821672104116633, '51': 0.0014778337719523545, '2674': 0.001351798157914464, '1631': 0.001415693876441906}","{'771': 0.0, '2211': 0.0, '51': 0.0, '2674': 0.0, '1631': 0.0}"
9,X9,21,"{'771': 0.0013439413907062074, '2211': 0.0013074799680546038, '51': 0.001305069689262075, '2674': 0.0011899053551427344, '1631': 0.0012481980529999732}","{'771': 0.0, '2211': 0.0, '51': 0.0, '2674': 0.0, '1631': 0.0}"
9,X9,22,"{'771': 0.0011953000846650079, '2211': 0.0011621719734706156, '51': 0.0011606600948411497, '2674': 0.0010570938143590974, '1631': 0.0011092693775399706}","{'771': 0.0, '2211': 0.0, '51': 0.0, '2674': 0.0, '1631': 0.0}"
9,X9,23,"{'771': 0.0010738220587188647, '2211': 0.0010437722410647705, '51': 0.0010425335597550756, '2674': 0.00094939074083346927, '1631': 0.00099619573123388796}","{'771': 0.0, '2211': 0.0, '51': 0.0, '2674': 0.0, '1631': 0.0}"
9,X9,24,"{'771': 0.00097420742741929976, '2211': 0.00094681001000096964, '51': 0.00094572444864942566, '2674': 0.00086144369043949544, '1631': 0.00090375454420887002}","{'771': 0.0, '2211': 0.0, '51': 0.0, '2674': 0.0, '1631': 0.0}"
9,X9,25,"{'771': 0.00089149505544108723, '2211': 0.0008663830824785473, '51': 0.00086536282996760262, '2674': 0.00078839325978523702, '1631': 0.0008269785184425257}","{'771': 0.0, '2211': 0.0, '51': 0.0, '2674': 0.0, '1631': 0.0}"
Scan_10
10,Y10,1,"{'771': 0.0, '2211': 0.0, '51': 0.0, '2674': 0.0, '1631': 0.0}","{'771': -0.00081776168468740027, '2211': -0.00079413353172453683, '51': -0.00079296975206235502, '2674': -0.00072413509859116766, '1631': -0.00075833339799670973}"
10,Y10,2,"{'771': 0.0, '2211': 0.0, '51': 0.0, '2674': 0.0, '1631': 0.0}","{'771': -0.00089058373544152205, '2211': -0.00086484197473460996, '51': -0.00086352923616843879, '2674': -0.00078868544764005536, '1631': -0.00082588121892679639}"
10,Y10,3,"{'771': 0.0, '2211': 0.0, '51': 0.0, '2674': 0.0, '1631': 0.0}","{'771': -0.00097762547050795961, '2211': -0.00094925801436801939, '51': -0.00094779120638848347, '2674': -0.00086591439439619091, '1631': -0.00090655082887771516}"
10,Y10,4,"{'771': 0.0, '2211': 0.0, '51': 0.0, '2674': 0.0, '1631': 0.0}","{'771': -0.001082961069677637, '2211': -0.0010515524906215595, '51': -0.0010498408511317898, '2674': -0.00095952286255027695, '1631': -0.0010042709305609213}"
10,Y10,5,"{'771': 0.0, '2211': 0.0, '51': 0.0, '2674': 0.0, '1631': 0.0}","{'771': -0.0012122375223279675, '2211': -0.0011771425694037281, '51': -0.0011749642868787908, '2674': -0.001074928536367584, '1631': -0.0011244092861075257}"
10,Y10,6,"{'771': 0.0, '2211': 0.0, '51': 0.0, '2674': 0.0, '1631': 0.0}","{'771': -0.0013705715607739109, '2211': -0.0013317458684634828, '51': -0.0013282945058103015, '2674': -0.0012175446143512681, '1631': -0.0012724808169736076}"
10,Y10,7,"{'771': 0.0, '2211': 0.0, '51': 0.0, '2674': 0.0, '1631': 0.0}","{'771': -0.0015572534558278776, '2211': -0.001515749520118058, '51': -0.0015093380415542601, '2674': -0.0013896437005267131, '1631': -0.0014492632680203992}"
10,Y10,8,"{'771': 0.0, '2211': 0.0, '51': 0.0, '2674': 0.0, '1631': 0.0}","{'771': -0.0017509882262677597, '2211': -0.0017105041478086376, '51': -0.0016977531326205773, '2674': -0.0015759298141576257, '1631': -0.0016373631264243375}"
10,Y10,9,"{'771': 0.0, '2211': 0.0, '51': 0.0, '2674': 0.0, '1631': 0.0}","{'771': -0.0018891380245218499, '2211': -0.0018558257098318549, '51': -0.0018331729224593629, '2674': -0.0017225372266213245, '1631': -0.0017797028750972702}"
10,Y10,10,"{'771': 0.0, '2211': 0.0, '51': 0.0, '2674': 0.0, '1631': 0.0}","{'771': -0.0018607696384747539, '2211': -0.0018402570776936691, '51': -0.0018074357698487434, '2674': -0.0017226307986270833, '1631': -0.0017685119942291803}"
10,Y10,11,"{'771': 0.0, '2211': 0.0, '51': 0.0, '2674': 0.0, '1631': 0.0}","{'771': -0.0015429222067141679, '2211': -0.0015356536852973476, '51': -0.0015002368265703433, '2674': -0.001448861144611107, '1631': -0.001478642198514739}"
10,Y10,12,"{'771': 0.0, '2211': 0.0, '51': 0.0, '2674': 0.0, '1631': 0.0}","{'771': -0.00088768341449947739, '2211': -0.00088744941088044361, '51': -0.00086372286884956611, '2674': -0.0008419410825897107, '1631': -0.00085569422913843972}"
10,Y10,13,"{'771': 0.0, '2211': 0.0, '51': 0.0, '2674': 0.0, '1631': 0.0}","{'771': 7.3196191182238709e-07, '2211': 7.3295786997627246e-07, '51': 7.1240740498198278e-07, '2674': 6.9675698350611496e-07, '1631': 7.0710077006965799e-07}"
10,Y10,14,"{'771': 0.0, '2211': 0.0, '51': 0.0, '2674': 0.0, '1631': 0.0}","{'771': 0.00088889503128001504, '2211': 0.00088865745618108103, '51': 0.00086490993337380194, '2674': 0.00084310661227630327, '1631': 0.00085684743793736963}"
10,Y10,15,"{'771': 0.0, '2211': 0.0, '51': 0.0, '2674': 0.0, '1631': 0.0}","{'771': 0.0015434569416838508, '2211': 0.0015361219158412927, '51': 0.0015007289005681233, '2674': 0.0014494339801987537, '1631': 0.0014791366375475267}"
10,Y10,16,"{'771': 0.0, '2211': 0.0, '51': 0.0, '2674': 0.0, '1631': 0.0}","{'771': 0.0018605950063093318, '2211': 0.0018400612151103567, '51': 0.0018073193079966591, '2674': 0.0017221854048883496, '1631': 0.0017683253905695238}"
10,Y10,17,"{'771': 0.0, '2211': 0.0, '51': 0.0, '2674': 0.0, '1631': 0.0}","{'771': 0.001888497066906346, '2211': 0.0018551487513367656, '51': 0.0018325534667132182, '2674': 0.0017219493215904871, '1631': 0.0017790967685844649}"
10,Y10,18,"{'771': 0.0, '2211': 0.0, '51': 0.0, '2674': 0.0, '1631': 0.0}","{'771': 0.0017500759862954212, '2211': 0.001709583905990522, '51': 0.0016969387972602203, '2674': 0.0015752523045758711, '1631': 0.0016365513260673437}"
10,Y10,19,"{'771': 0.0, '2211': 0.0, '51': 0.0, '2674': 0.0, '1631': 0.0}","{'771': 0.0015563146815320351, '2211': 0.001514915018034737, '51': 0.0015084858930958852, '2674': 0.0013889057122229399, '1631': 0.0014484370151337681}"
10,Y10,20,"{'771': 0.0, '2211': 0.0, '51': 0.0, '2674': 0.0, '1631': 0.0}","{'771': 0.0013696516361553592, '2211': 0.0013308891023179853, '51': 0.001327445884672567, '2674': 0.0012170363947273373, '1631': 0.0012716294217207428}"
10,Y10,21,"{'771': 0.0, '2211': 0.0, '51': 0.0, '2674': 0.0, '1631': 0.0}","{'771': 0.0012113779669202409, '2211': 0.0011763297687016579, '51': 0.0011741048907820267, '2674': 0.0010743188380165681, '1631': 0.0011236442141374168}"
10,Y10,22,"{'771': 0.0, '2211': 0.0, '51': 0.0, '2674': 0.0, '1631': 0.0}","{'771': 0.0010822071342083714, '2211': 0.0010508174878995954, '51': 0.0010491130907144446, '2674': 0.00095902945286092597, '1631': 0.0010036326825571869}"
10,Y10,23,"{'771': 0.0, '2211': 0.0, '51': 0.0, '2674': 0.0, '1631': 0.0}","{'771': 0.00097702401451199485, '2211': 0.00094871383686858551, '51': 0.00094722566126716114, '2674': 0.00086548490042528687, '1631': 0.00090601688849906929}"
10,Y10,24,"{'771': 0.0, '2211': 0.0, '51': 0.0, '2674': 0.0, '1631': 0.0}","{'771': 0.0008900623753303967, '2211': 0.00086433359861615535, '51': 0.00086309260423491729, '2674': 0.00078839635677490554, '1631': 0.00082543096451764277}"
10,Y10,25,"{'771': 0.0, '2211': 0.0, '51': 0.0, '2674': 0.0, '1631': 0.0}","{'771': 0.00081718893188242371, '2211': 0.00079361183829191218, '51': 0.00079245936983008834, '2674': 0.00072381614658364297, '1631': 0.00075782657835919839}"
